0 verbose cli C:\Program Files\nodejs\node.exe C:\Program Files\nodejs\node_modules\npm\bin\npm-cli.js
1 info using npm@11.16.0
2 info using node@v26.3.0
3 silly config load:file:C:\Program Files\nodejs\node_modules\npm\npmrc
4 silly config load:file:C:\Users\CodexSandboxOnline\.codex\.sandbox\cwd\56fd846b7c89c35e\.npmrc
5 silly config load:file:C:\Users\Yisus\.npmrc
6 silly config load:file:C:\Users\Yisus\AppData\Roaming\npm\etc\npmrc
7 verbose title npm exec @angular/cli@latest new facturacion-clientes --directory . --routing --style css --standalone --skip-git --skip-tests --package-manager npm --defaults
8 verbose argv "exec" "--cache" ".npm-cache" "--yes" "--" "@angular/cli@latest" "new" "facturacion-clientes" "--directory" "." "--routing" "--style" "css" "--standalone" "--skip-git" "--skip-tests" "--package-manager" "npm" "--defaults"
9 verbose logfile logs-max:10 dir:C:\Users\CodexSandboxOnline\.codex\.sandbox\cwd\56fd846b7c89c35e\.npm-cache\_logs\2026-07-11T05_32_00_363Z-
10 verbose logfile C:\Users\CodexSandboxOnline\.codex\.sandbox\cwd\56fd846b7c89c35e\.npm-cache\_logs\2026-07-11T05_32_00_363Z-debug-0.log
11 silly logfile done cleaning log files
12 silly packumentCache heap:4395630592 maxSize:1098907648 maxEntrySize:549453824
13 http fetch GET 200 https://registry.npmjs.org/npm 603ms
14 http fetch GET 200 https://registry.npmjs.org/@angular%2fcli 721ms (cache miss)
15 silly packumentCache heap:4395630592 maxSize:1098907648 maxEntrySize:549453824
16 verbose Could not read global path C:\Users\Yisus\AppData\Roaming\npm, ignoring
17 silly packumentCache heap:4395630592 maxSize:1098907648 maxEntrySize:549453824
18 silly idealTree buildDeps
19 silly fetch manifest @angular/cli@22.0.6
20 silly packumentCache full:https://registry.npmjs.org/@angular%2fcli cache-miss
21 http fetch GET 200 https://registry.npmjs.org/@angular%2fcli 507ms (cache miss)
22 silly packumentCache full:https://registry.npmjs.org/@angular%2fcli set size:undefined disposed:false
23 silly placeDep ROOT @angular/cli@22.0.6 OK for:  want: 22.0.6
24 silly fetch manifest ini@6.0.0
25 silly packumentCache full:https://registry.npmjs.org/ini cache-miss
26 silly fetch manifest zod@4.4.2
27 silly packumentCache full:https://registry.npmjs.org/zod cache-miss
28 silly fetch manifest yargs@18.0.0
29 silly packumentCache full:https://registry.npmjs.org/yargs cache-miss
30 silly fetch manifest listr2@10.2.1
31 silly packumentCache full:https://registry.npmjs.org/listr2 cache-miss
32 silly fetch manifest pacote@21.5.1
33 silly packumentCache full:https://registry.npmjs.org/pacote cache-miss
34 silly fetch manifest semver@7.7.4
35 silly packumentCache full:https://registry.npmjs.org/semver cache-miss
36 silly fetch manifest jsonc-parser@3.3.1
37 silly packumentCache full:https://registry.npmjs.org/jsonc-parser cache-miss
38 silly fetch manifest algoliasearch@5.52.0
39 silly packumentCache full:https://registry.npmjs.org/algoliasearch cache-miss
40 silly fetch manifest npm-package-arg@13.0.2
41 silly packumentCache full:https://registry.npmjs.org/npm-package-arg cache-miss
42 silly fetch manifest @inquirer/prompts@8.4.2
43 silly packumentCache full:https://registry.npmjs.org/@inquirer%2fprompts cache-miss
44 silly fetch manifest @yarnpkg/lockfile@1.1.0
45 silly packumentCache full:https://registry.npmjs.org/@yarnpkg%2flockfile cache-miss
46 http fetch GET 200 https://registry.npmjs.org/ini 59ms (cache miss)
47 silly packumentCache full:https://registry.npmjs.org/ini set size:undefined disposed:false
48 silly fetch manifest @schematics/angular@22.0.6
49 silly packumentCache full:https://registry.npmjs.org/@schematics%2fangular cache-miss
50 http fetch GET 200 https://registry.npmjs.org/@yarnpkg%2flockfile 203ms (cache miss)
51 silly packumentCache full:https://registry.npmjs.org/@yarnpkg%2flockfile set size:undefined disposed:false
52 silly fetch manifest @angular-devkit/core@22.0.6
53 silly packumentCache full:https://registry.npmjs.org/@angular-devkit%2fcore cache-miss
54 http fetch GET 200 https://registry.npmjs.org/jsonc-parser 220ms (cache miss)
55 silly packumentCache full:https://registry.npmjs.org/jsonc-parser set size:undefined disposed:false
56 silly fetch manifest @angular-devkit/architect@0.2200.6
57 silly packumentCache full:https://registry.npmjs.org/@angular-devkit%2farchitect cache-miss
58 http fetch GET 200 https://registry.npmjs.org/npm-package-arg 232ms (cache miss)
59 silly packumentCache full:https://registry.npmjs.org/npm-package-arg set size:undefined disposed:false
60 silly fetch manifest @modelcontextprotocol/sdk@1.29.0
61 silly packumentCache full:https://registry.npmjs.org/@modelcontextprotocol%2fsdk cache-miss
62 http fetch GET 200 https://registry.npmjs.org/@inquirer%2fprompts 246ms (cache miss)
63 silly packumentCache full:https://registry.npmjs.org/@inquirer%2fprompts set size:undefined disposed:false
64 silly fetch manifest @angular-devkit/schematics@22.0.6
65 silly packumentCache full:https://registry.npmjs.org/@angular-devkit%2fschematics cache-miss
66 http fetch GET 200 https://registry.npmjs.org/semver 262ms (cache miss)
67 silly packumentCache full:https://registry.npmjs.org/semver set size:undefined disposed:false
68 silly fetch manifest parse5-html-rewriting-stream@8.0.1
69 silly packumentCache full:https://registry.npmjs.org/parse5-html-rewriting-stream cache-miss
70 http fetch GET 200 https://registry.npmjs.org/yargs 322ms (cache miss)
71 silly packumentCache full:https://registry.npmjs.org/yargs set size:undefined disposed:false
72 silly fetch manifest @listr2/prompt-adapter-inquirer@4.2.3
73 silly packumentCache full:https://registry.npmjs.org/@listr2%2fprompt-adapter-inquirer cache-miss
74 http fetch GET 200 https://registry.npmjs.org/listr2 354ms (cache miss)
75 silly packumentCache full:https://registry.npmjs.org/listr2 set size:undefined disposed:false
76 http fetch GET 200 https://registry.npmjs.org/pacote 373ms (cache miss)
77 silly packumentCache full:https://registry.npmjs.org/pacote set size:undefined disposed:false
78 http fetch GET 200 https://registry.npmjs.org/@modelcontextprotocol%2fsdk 155ms (cache miss)
79 silly packumentCache full:https://registry.npmjs.org/@modelcontextprotocol%2fsdk set size:undefined disposed:false
80 http fetch GET 200 https://registry.npmjs.org/parse5-html-rewriting-stream 129ms (cache miss)
81 silly packumentCache full:https://registry.npmjs.org/parse5-html-rewriting-stream set size:undefined disposed:false
82 http fetch GET 200 https://registry.npmjs.org/algoliasearch 412ms (cache miss)
83 silly packumentCache full:https://registry.npmjs.org/algoliasearch set size:undefined disposed:false
84 http fetch GET 200 https://registry.npmjs.org/zod 444ms (cache miss)
85 silly packumentCache full:https://registry.npmjs.org/zod set size:undefined disposed:false
86 http fetch GET 200 https://registry.npmjs.org/@listr2%2fprompt-adapter-inquirer 156ms (cache miss)
87 silly packumentCache full:https://registry.npmjs.org/@listr2%2fprompt-adapter-inquirer set size:undefined disposed:false
88 http fetch GET 200 https://registry.npmjs.org/@angular-devkit%2fcore 296ms (cache miss)
89 silly packumentCache full:https://registry.npmjs.org/@angular-devkit%2fcore set size:undefined disposed:false
90 http fetch GET 200 https://registry.npmjs.org/@schematics%2fangular 468ms (cache miss)
91 silly packumentCache full:https://registry.npmjs.org/@schematics%2fangular set size:undefined disposed:false
92 http fetch GET 200 https://registry.npmjs.org/@angular-devkit%2farchitect 338ms (cache miss)
93 silly packumentCache full:https://registry.npmjs.org/@angular-devkit%2farchitect set size:undefined disposed:false
94 http fetch GET 200 https://registry.npmjs.org/@angular-devkit%2fschematics 358ms (cache miss)
95 silly packumentCache full:https://registry.npmjs.org/@angular-devkit%2fschematics set size:undefined disposed:false
96 silly fetch manifest @types/node@>=18
97 silly packumentCache full:https://registry.npmjs.org/@types%2fnode cache-miss
98 http fetch GET 200 https://registry.npmjs.org/@types%2fnode 377ms (cache miss)
99 silly packumentCache full:https://registry.npmjs.org/@types%2fnode set size:undefined disposed:false
100 silly fetch manifest chokidar@^5.0.0
101 silly packumentCache full:https://registry.npmjs.org/chokidar cache-miss
102 http fetch GET 200 https://registry.npmjs.org/chokidar 81ms (cache miss)
103 silly packumentCache full:https://registry.npmjs.org/chokidar set size:undefined disposed:false
104 silly fetch manifest @cfworker/json-schema@^4.1.1
105 silly packumentCache full:https://registry.npmjs.org/@cfworker%2fjson-schema cache-miss
106 http fetch GET 200 https://registry.npmjs.org/@cfworker%2fjson-schema 73ms (cache miss)
107 silly packumentCache full:https://registry.npmjs.org/@cfworker%2fjson-schema set size:undefined disposed:false
108 silly placeDep ROOT @angular-devkit/architect@0.2200.6 OK for: @angular/cli@22.0.6 want: 0.2200.6
109 silly placeDep ROOT @angular-devkit/core@22.0.6 OK for: @angular/cli@22.0.6 want: 22.0.6
110 silly placeDep ROOT @angular-devkit/schematics@22.0.6 OK for: @angular/cli@22.0.6 want: 22.0.6
111 silly placeDep ROOT @inquirer/prompts@8.4.2 OK for: @angular/cli@22.0.6 want: 8.4.2
112 silly placeDep ROOT @listr2/prompt-adapter-inquirer@4.2.3 OK for: @angular/cli@22.0.6 want: 4.2.3
113 silly placeDep ROOT listr2@10.2.1 OK for: @listr2/prompt-adapter-inquirer@4.2.3 want: 10.2.1
114 silly placeDep ROOT @modelcontextprotocol/sdk@1.29.0 OK for: @angular/cli@22.0.6 want: 1.29.0
115 silly placeDep ROOT @schematics/angular@22.0.6 OK for: @angular/cli@22.0.6 want: 22.0.6
116 silly placeDep ROOT @yarnpkg/lockfile@1.1.0 OK for: @angular/cli@22.0.6 want: 1.1.0
117 silly placeDep ROOT algoliasearch@5.52.0 OK for: @angular/cli@22.0.6 want: 5.52.0
118 silly placeDep ROOT ini@6.0.0 OK for: @angular/cli@22.0.6 want: 6.0.0
119 silly placeDep ROOT jsonc-parser@3.3.1 OK for: @angular/cli@22.0.6 want: 3.3.1
120 silly placeDep ROOT npm-package-arg@13.0.2 OK for: @angular/cli@22.0.6 want: 13.0.2
121 silly placeDep ROOT pacote@21.5.1 OK for: @angular/cli@22.0.6 want: 21.5.1
122 silly placeDep ROOT parse5-html-rewriting-stream@8.0.1 OK for: @angular/cli@22.0.6 want: 8.0.1
123 silly placeDep ROOT semver@7.7.4 OK for: @angular/cli@22.0.6 want: 7.7.4
124 silly placeDep ROOT yargs@18.0.0 OK for: @angular/cli@22.0.6 want: 18.0.0
125 silly placeDep ROOT zod@4.4.2 OK for: @angular/cli@22.0.6 want: 4.4.2
126 silly fetch manifest rxjs@7.8.2
127 silly packumentCache full:https://registry.npmjs.org/rxjs cache-miss
128 silly fetch manifest ajv@8.20.0
129 silly packumentCache full:https://registry.npmjs.org/ajv cache-miss
130 silly fetch manifest rxjs@7.8.2
131 silly packumentCache full:https://registry.npmjs.org/rxjs cache-miss
132 silly fetch manifest picomatch@4.0.4
133 silly packumentCache full:https://registry.npmjs.org/picomatch cache-miss
134 silly fetch manifest source-map@0.7.6
135 silly packumentCache full:https://registry.npmjs.org/source-map cache-miss
136 silly fetch manifest ajv-formats@3.0.1
137 silly packumentCache full:https://registry.npmjs.org/ajv-formats cache-miss
138 silly fetch manifest ora@9.4.0
139 silly packumentCache full:https://registry.npmjs.org/ora cache-miss
140 silly fetch manifest rxjs@7.8.2
141 silly packumentCache full:https://registry.npmjs.org/rxjs cache-miss
142 silly fetch manifest magic-string@0.30.21
143 silly packumentCache full:https://registry.npmjs.org/magic-string cache-miss
144 silly fetch manifest @inquirer/input@^5.0.12
145 silly packumentCache full:https://registry.npmjs.org/@inquirer%2finput cache-miss
146 silly fetch manifest @inquirer/editor@^5.1.1
147 silly packumentCache full:https://registry.npmjs.org/@inquirer%2feditor cache-miss
148 http fetch GET 200 https://registry.npmjs.org/source-map 73ms (cache miss)
149 silly packumentCache full:https://registry.npmjs.org/source-map set size:undefined disposed:false
150 silly fetch manifest @inquirer/expand@^5.0.13
151 silly packumentCache full:https://registry.npmjs.org/@inquirer%2fexpand cache-miss
152 http fetch GET 200 https://registry.npmjs.org/picomatch 84ms (cache miss)
153 silly packumentCache full:https://registry.npmjs.org/picomatch set size:undefined disposed:false
154 silly fetch manifest @inquirer/number@^4.0.12
155 silly packumentCache full:https://registry.npmjs.org/@inquirer%2fnumber cache-miss
156 http fetch GET 200 https://registry.npmjs.org/ajv-formats 114ms (cache miss)
157 silly packumentCache full:https://registry.npmjs.org/ajv-formats set size:undefined disposed:false
158 silly fetch manifest @inquirer/search@^4.1.8
159 silly packumentCache full:https://registry.npmjs.org/@inquirer%2fsearch cache-miss
160 http fetch GET 200 https://registry.npmjs.org/magic-string 121ms (cache miss)
161 silly packumentCache full:https://registry.npmjs.org/magic-string set size:undefined disposed:false
162 silly fetch manifest @inquirer/select@^5.1.4
163 silly packumentCache full:https://registry.npmjs.org/@inquirer%2fselect cache-miss
164 http fetch GET 200 https://registry.npmjs.org/@inquirer%2finput 143ms (cache miss)
165 silly packumentCache full:https://registry.npmjs.org/@inquirer%2finput set size:undefined disposed:false
166 silly fetch manifest @inquirer/confirm@^6.0.12
167 silly packumentCache full:https://registry.npmjs.org/@inquirer%2fconfirm cache-miss
168 http fetch GET 200 https://registry.npmjs.org/@inquirer%2feditor 147ms (cache miss)
169 silly packumentCache full:https://registry.npmjs.org/@inquirer%2feditor set size:undefined disposed:false
170 silly fetch manifest @inquirer/rawlist@^5.2.8
171 silly packumentCache full:https://registry.npmjs.org/@inquirer%2frawlist cache-miss
172 http fetch GET 200 https://registry.npmjs.org/ora 166ms (cache miss)
173 silly packumentCache full:https://registry.npmjs.org/ora set size:undefined disposed:false
174 silly fetch manifest @inquirer/checkbox@^5.1.4
175 silly packumentCache full:https://registry.npmjs.org/@inquirer%2fcheckbox cache-miss
176 http fetch GET 200 https://registry.npmjs.org/rxjs 176ms (cache miss)
177 silly packumentCache full:https://registry.npmjs.org/rxjs set size:undefined disposed:false
178 silly fetch manifest @inquirer/password@^5.0.12
179 silly packumentCache full:https://registry.npmjs.org/@inquirer%2fpassword cache-miss
180 http fetch GET 200 https://registry.npmjs.org/rxjs 187ms (cache miss)
181 silly packumentCache full:https://registry.npmjs.org/rxjs set size:undefined disposed:false
182 silly fetch manifest @inquirer/type@^4.0.5
183 silly packumentCache full:https://registry.npmjs.org/@inquirer%2ftype cache-miss
184 http fetch GET 200 https://registry.npmjs.org/rxjs 199ms (cache miss)
185 silly packumentCache full:https://registry.npmjs.org/rxjs set size:undefined disposed:false
186 silly fetch manifest rfdc@^1.4.1
187 silly packumentCache full:https://registry.npmjs.org/rfdc cache-miss
188 http fetch GET 200 https://registry.npmjs.org/@inquirer%2fnumber 126ms (cache miss)
189 silly packumentCache full:https://registry.npmjs.org/@inquirer%2fnumber set size:undefined disposed:false
190 silly fetch manifest wrap-ansi@^10.0.0
191 silly packumentCache full:https://registry.npmjs.org/wrap-ansi cache-miss
192 http fetch GET 200 https://registry.npmjs.org/@inquirer%2fexpand 145ms (cache miss)
193 silly packumentCache full:https://registry.npmjs.org/@inquirer%2fexpand set size:undefined disposed:false
194 silly fetch manifest log-update@^6.1.0
195 silly packumentCache full:https://registry.npmjs.org/log-update cache-miss
196 http fetch GET 200 https://registry.npmjs.org/@inquirer%2fsearch 112ms (cache miss)
197 silly packumentCache full:https://registry.npmjs.org/@inquirer%2fsearch set size:undefined disposed:false
198 silly fetch manifest cli-truncate@^5.2.0
199 silly packumentCache full:https://registry.npmjs.org/cli-truncate cache-miss
200 http fetch GET 200 https://registry.npmjs.org/ajv 245ms (cache miss)
201 silly packumentCache full:https://registry.npmjs.org/ajv set size:undefined disposed:false
202 silly fetch manifest eventemitter3@^5.0.4
203 silly packumentCache full:https://registry.npmjs.org/eventemitter3 cache-miss
204 http fetch GET 200 https://registry.npmjs.org/@inquirer%2fconfirm 114ms (cache miss)
205 silly packumentCache full:https://registry.npmjs.org/@inquirer%2fconfirm set size:undefined disposed:false
206 silly fetch manifest ajv@^8.17.1
207 silly packumentCache full:https://registry.npmjs.org/ajv cache-miss
208 http cache https://registry.npmjs.org/ajv 26ms (cache hit)
209 silly packumentCache full:https://registry.npmjs.org/ajv set size:1142658 disposed:false
210 silly fetch manifest zod@^3.25 || ^4.0
211 silly packumentCache full:https://registry.npmjs.org/zod cache-miss
212 http fetch GET 200 https://registry.npmjs.org/@inquirer%2ftype 109ms (cache miss)
213 silly packumentCache full:https://registry.npmjs.org/@inquirer%2ftype set size:undefined disposed:false
214 silly fetch manifest cors@^2.8.5
215 silly packumentCache full:https://registry.npmjs.org/cors cache-miss
216 http fetch GET 200 https://registry.npmjs.org/@inquirer%2frawlist 164ms (cache miss)
217 silly packumentCache full:https://registry.npmjs.org/@inquirer%2frawlist set size:undefined disposed:false
218 silly fetch manifest hono@^4.11.4
219 silly packumentCache full:https://registry.npmjs.org/hono cache-miss
220 http fetch GET 200 https://registry.npmjs.org/@inquirer%2fselect 198ms (cache miss)
221 silly packumentCache full:https://registry.npmjs.org/@inquirer%2fselect set size:undefined disposed:false
222 silly fetch manifest jose@^6.1.3
223 silly packumentCache full:https://registry.npmjs.org/jose cache-miss
224 http fetch GET 200 https://registry.npmjs.org/wrap-ansi 121ms (cache miss)
225 silly packumentCache full:https://registry.npmjs.org/wrap-ansi set size:undefined disposed:false
226 silly fetch manifest express@^5.2.1
227 silly packumentCache full:https://registry.npmjs.org/express cache-miss
228 http fetch GET 200 https://registry.npmjs.org/@inquirer%2fcheckbox 175ms (cache miss)
229 silly packumentCache full:https://registry.npmjs.org/@inquirer%2fcheckbox set size:undefined disposed:false
230 silly fetch manifest raw-body@^3.0.0
231 silly packumentCache full:https://registry.npmjs.org/raw-body cache-miss
232 http fetch GET 200 https://registry.npmjs.org/@inquirer%2fpassword 169ms (cache miss)
233 silly packumentCache full:https://registry.npmjs.org/@inquirer%2fpassword set size:undefined disposed:false
234 silly fetch manifest ajv-formats@^3.0.1
235 silly packumentCache full:https://registry.npmjs.org/ajv-formats cache-miss
236 http fetch GET 200 https://registry.npmjs.org/cli-truncate 126ms (cache miss)
237 silly packumentCache full:https://registry.npmjs.org/cli-truncate set size:undefined disposed:false
238 silly fetch manifest cross-spawn@^7.0.5
239 silly packumentCache full:https://registry.npmjs.org/cross-spawn cache-miss
240 http cache https://registry.npmjs.org/zod 75ms (cache hit)
241 silly packumentCache full:https://registry.npmjs.org/zod set size:3552562 disposed:false
242 silly fetch manifest eventsource@^3.0.2
243 silly packumentCache full:https://registry.npmjs.org/eventsource cache-miss
244 http fetch GET 200 https://registry.npmjs.org/rfdc 217ms (cache miss)
245 silly packumentCache full:https://registry.npmjs.org/rfdc set size:undefined disposed:false
246 silly fetch manifest content-type@^1.0.5
247 silly packumentCache full:https://registry.npmjs.org/content-type cache-miss
248 http fetch GET 200 https://registry.npmjs.org/log-update 203ms (cache miss)
249 silly packumentCache full:https://registry.npmjs.org/log-update set size:undefined disposed:false
250 silly fetch manifest pkce-challenge@^5.0.0
251 silly packumentCache full:https://registry.npmjs.org/pkce-challenge cache-miss
252 http fetch GET 200 https://registry.npmjs.org/eventemitter3 184ms (cache miss)
253 silly packumentCache full:https://registry.npmjs.org/eventemitter3 set size:undefined disposed:false
254 silly fetch manifest @hono/node-server@^1.19.9
255 silly packumentCache full:https://registry.npmjs.org/@hono%2fnode-server cache-miss
256 http cache https://registry.npmjs.org/ajv-formats 89ms (cache hit)
257 silly packumentCache full:https://registry.npmjs.org/ajv-formats set size:141264 disposed:false
258 silly fetch manifest json-schema-typed@^8.0.2
259 silly packumentCache full:https://registry.npmjs.org/json-schema-typed cache-miss
260 http fetch GET 200 https://registry.npmjs.org/cors 146ms (cache miss)
261 silly packumentCache full:https://registry.npmjs.org/cors set size:undefined disposed:false
262 silly fetch manifest eventsource-parser@^3.0.0
263 silly packumentCache full:https://registry.npmjs.org/eventsource-parser cache-miss
264 http fetch GET 200 https://registry.npmjs.org/cross-spawn 108ms (cache miss)
265 silly packumentCache full:https://registry.npmjs.org/cross-spawn set size:undefined disposed:false
266 silly fetch manifest express-rate-limit@^8.2.1
267 silly packumentCache full:https://registry.npmjs.org/express-rate-limit cache-miss
268 http fetch GET 200 https://registry.npmjs.org/raw-body 123ms (cache miss)
269 silly packumentCache full:https://registry.npmjs.org/raw-body set size:undefined disposed:false
270 silly fetch manifest zod-to-json-schema@^3.25.1
271 silly packumentCache full:https://registry.npmjs.org/zod-to-json-schema cache-miss
272 http fetch GET 200 https://registry.npmjs.org/eventsource 77ms (cache miss)
273 silly packumentCache full:https://registry.npmjs.org/eventsource set size:undefined disposed:false
274 silly fetch manifest typescript@6.0.3
275 silly packumentCache full:https://registry.npmjs.org/typescript cache-miss
276 http fetch GET 200 https://registry.npmjs.org/content-type 73ms (cache miss)
277 silly packumentCache full:https://registry.npmjs.org/content-type set size:undefined disposed:false
278 silly fetch manifest @algolia/abtesting@1.18.0
279 silly packumentCache full:https://registry.npmjs.org/@algolia%2fabtesting cache-miss
280 http fetch GET 200 https://registry.npmjs.org/pkce-challenge 96ms (cache miss)
281 silly packumentCache full:https://registry.npmjs.org/pkce-challenge set size:undefined disposed:false
282 silly fetch manifest @algolia/ingestion@1.52.0
283 silly packumentCache full:https://registry.npmjs.org/@algolia%2fingestion cache-miss
284 http fetch GET 200 https://registry.npmjs.org/express 196ms (cache miss)
285 silly packumentCache full:https://registry.npmjs.org/express set size:undefined disposed:false
286 silly fetch manifest @algolia/recommend@5.52.0
287 silly packumentCache full:https://registry.npmjs.org/@algolia%2frecommend cache-miss
288 http fetch GET 200 https://registry.npmjs.org/eventsource-parser 92ms (cache miss)
289 silly packumentCache full:https://registry.npmjs.org/eventsource-parser set size:undefined disposed:false
290 silly fetch manifest @algolia/monitoring@1.52.0
291 silly packumentCache full:https://registry.npmjs.org/@algolia%2fmonitoring cache-miss
292 http fetch GET 200 https://registry.npmjs.org/json-schema-typed 110ms (cache miss)
293 silly packumentCache full:https://registry.npmjs.org/json-schema-typed set size:undefined disposed:false
294 silly fetch manifest @algolia/client-common@5.52.0
295 silly packumentCache full:https://registry.npmjs.org/@algolia%2fclient-common cache-miss
296 http fetch GET 200 https://registry.npmjs.org/@hono%2fnode-server 124ms (cache miss)
297 silly packumentCache full:https://registry.npmjs.org/@hono%2fnode-server set size:undefined disposed:false
298 silly fetch manifest @algolia/client-search@5.52.0
299 silly packumentCache full:https://registry.npmjs.org/@algolia%2fclient-search cache-miss
300 http fetch GET 200 https://registry.npmjs.org/zod-to-json-schema 105ms (cache miss)
301 silly packumentCache full:https://registry.npmjs.org/zod-to-json-schema set size:undefined disposed:false
302 silly fetch manifest @algolia/client-insights@5.52.0
303 silly packumentCache full:https://registry.npmjs.org/@algolia%2fclient-insights cache-miss
304 http fetch GET 200 https://registry.npmjs.org/jose 255ms (cache miss)
305 silly packumentCache full:https://registry.npmjs.org/jose set size:undefined disposed:false
306 silly fetch manifest @algolia/requester-fetch@5.52.0
307 silly packumentCache full:https://registry.npmjs.org/@algolia%2frequester-fetch cache-miss
308 http fetch GET 200 https://registry.npmjs.org/express-rate-limit 143ms (cache miss)
309 silly packumentCache full:https://registry.npmjs.org/express-rate-limit set size:undefined disposed:false
310 silly fetch manifest @algolia/client-abtesting@5.52.0
311 silly packumentCache full:https://registry.npmjs.org/@algolia%2fclient-abtesting cache-miss
312 http fetch GET 200 https://registry.npmjs.org/@algolia%2fingestion 155ms (cache miss)
313 silly packumentCache full:https://registry.npmjs.org/@algolia%2fingestion set size:undefined disposed:false
314 silly fetch manifest @algolia/client-analytics@5.52.0
315 silly packumentCache full:https://registry.npmjs.org/@algolia%2fclient-analytics cache-miss
316 http fetch GET 200 https://registry.npmjs.org/@algolia%2fclient-common 149ms (cache miss)
317 silly packumentCache full:https://registry.npmjs.org/@algolia%2fclient-common set size:undefined disposed:false
318 silly fetch manifest @algolia/requester-node-http@5.52.0
319 silly packumentCache full:https://registry.npmjs.org/@algolia%2frequester-node-http cache-miss
320 http fetch GET 200 https://registry.npmjs.org/hono 417ms (cache miss)
321 silly packumentCache full:https://registry.npmjs.org/hono set size:undefined disposed:false
322 silly fetch manifest @algolia/requester-browser-xhr@5.52.0
323 silly packumentCache full:https://registry.npmjs.org/@algolia%2frequester-browser-xhr cache-miss
324 http fetch GET 200 https://registry.npmjs.org/@algolia%2fabtesting 293ms (cache miss)
325 silly packumentCache full:https://registry.npmjs.org/@algolia%2fabtesting set size:undefined disposed:false
326 silly fetch manifest @algolia/client-personalization@5.52.0
327 silly packumentCache full:https://registry.npmjs.org/@algolia%2fclient-personalization cache-miss
328 http fetch GET 200 https://registry.npmjs.org/@algolia%2fclient-search 247ms (cache miss)
329 silly packumentCache full:https://registry.npmjs.org/@algolia%2fclient-search set size:undefined disposed:false
330 silly fetch manifest @algolia/client-query-suggestions@5.52.0
331 silly packumentCache full:https://registry.npmjs.org/@algolia%2fclient-query-suggestions cache-miss
332 http fetch GET 200 https://registry.npmjs.org/@algolia%2fmonitoring 277ms (cache miss)
333 silly packumentCache full:https://registry.npmjs.org/@algolia%2fmonitoring set size:undefined disposed:false
334 silly fetch manifest semver@^7.3.5
335 silly packumentCache full:https://registry.npmjs.org/semver cache-miss
336 http cache https://registry.npmjs.org/semver 28ms (cache hit)
337 silly packumentCache full:https://registry.npmjs.org/semver set size:246069 disposed:false
338 silly fetch manifest proc-log@^6.0.0
339 silly packumentCache full:https://registry.npmjs.org/proc-log cache-miss
340 http fetch GET 200 https://registry.npmjs.org/@algolia%2frecommend 334ms (cache miss)
341 silly packumentCache full:https://registry.npmjs.org/@algolia%2frecommend set size:undefined disposed:false
342 silly fetch manifest hosted-git-info@^9.0.0
343 silly packumentCache full:https://registry.npmjs.org/hosted-git-info cache-miss
344 http fetch GET 200 https://registry.npmjs.org/@algolia%2frequester-node-http 208ms (cache miss)
345 silly packumentCache full:https://registry.npmjs.org/@algolia%2frequester-node-http set size:undefined disposed:false
346 silly fetch manifest validate-npm-package-name@^7.0.0
347 silly packumentCache full:https://registry.npmjs.org/validate-npm-package-name cache-miss
348 http fetch GET 200 https://registry.npmjs.org/@algolia%2fclient-insights 356ms (cache miss)
349 silly packumentCache full:https://registry.npmjs.org/@algolia%2fclient-insights set size:undefined disposed:false
350 silly fetch manifest tar@^7.4.3
351 silly packumentCache full:https://registry.npmjs.org/tar cache-miss
352 http fetch GET 200 https://registry.npmjs.org/proc-log 82ms (cache miss)
353 silly packumentCache full:https://registry.npmjs.org/proc-log set size:undefined disposed:false
354 silly fetch manifest ssri@^13.0.0
355 silly packumentCache full:https://registry.npmjs.org/ssri cache-miss
356 http fetch GET 200 https://registry.npmjs.org/@algolia%2frequester-browser-xhr 180ms (cache miss)
357 silly packumentCache full:https://registry.npmjs.org/@algolia%2frequester-browser-xhr set size:undefined disposed:false
358 silly fetch manifest cacache@^20.0.0
359 silly packumentCache full:https://registry.npmjs.org/cacache cache-miss
360 http fetch GET 200 https://registry.npmjs.org/hosted-git-info 104ms (cache miss)
361 silly packumentCache full:https://registry.npmjs.org/hosted-git-info set size:undefined disposed:false
362 silly fetch manifest minipass@^7.0.2
363 silly packumentCache full:https://registry.npmjs.org/minipass cache-miss
364 http fetch GET 200 https://registry.npmjs.org/@algolia%2fclient-analytics 303ms (cache miss)
365 silly packumentCache full:https://registry.npmjs.org/@algolia%2fclient-analytics set size:undefined disposed:false
366 silly fetch manifest sigstore@^4.0.0
367 silly packumentCache full:https://registry.npmjs.org/sigstore cache-miss
368 http fetch GET 200 https://registry.npmjs.org/@algolia%2frequester-fetch 416ms (cache miss)
369 silly packumentCache full:https://registry.npmjs.org/@algolia%2frequester-fetch set size:undefined disposed:false
370 silly fetch manifest @npmcli/git@^7.0.0
371 silly packumentCache full:https://registry.npmjs.org/@npmcli%2fgit cache-miss
372 http fetch GET 200 https://registry.npmjs.org/@algolia%2fclient-abtesting 433ms (cache miss)
373 silly packumentCache full:https://registry.npmjs.org/@algolia%2fclient-abtesting set size:undefined disposed:false
374 silly fetch manifest fs-minipass@^3.0.0
375 silly packumentCache full:https://registry.npmjs.org/fs-minipass cache-miss
376 http fetch GET 200 https://registry.npmjs.org/validate-npm-package-name 165ms (cache miss)
377 silly packumentCache full:https://registry.npmjs.org/validate-npm-package-name set size:undefined disposed:false
378 silly fetch manifest npm-packlist@^10.0.1
379 silly packumentCache full:https://registry.npmjs.org/npm-packlist cache-miss
380 http fetch GET 200 https://registry.npmjs.org/ssri 154ms (cache miss)
381 silly packumentCache full:https://registry.npmjs.org/ssri set size:undefined disposed:false
382 silly fetch manifest npm-pick-manifest@^11.0.1
383 silly packumentCache full:https://registry.npmjs.org/npm-pick-manifest cache-miss
384 http fetch GET 200 https://registry.npmjs.org/sigstore 106ms (cache miss)
385 silly packumentCache full:https://registry.npmjs.org/sigstore set size:undefined disposed:false
386 silly fetch manifest @gar/promise-retry@^1.0.0
387 silly packumentCache full:https://registry.npmjs.org/@gar%2fpromise-retry cache-miss
388 http fetch GET 200 https://registry.npmjs.org/minipass 127ms (cache miss)
389 silly packumentCache full:https://registry.npmjs.org/minipass set size:undefined disposed:false
390 silly fetch manifest @npmcli/run-script@^10.0.0
391 silly packumentCache full:https://registry.npmjs.org/@npmcli%2frun-script cache-miss
392 http fetch GET 200 https://registry.npmjs.org/tar 188ms (cache miss)
393 silly packumentCache full:https://registry.npmjs.org/tar set size:undefined disposed:false
394 silly fetch manifest npm-registry-fetch@^19.0.0
395 silly packumentCache full:https://registry.npmjs.org/npm-registry-fetch cache-miss
396 http fetch GET 200 https://registry.npmjs.org/cacache 176ms (cache miss)
397 silly packumentCache full:https://registry.npmjs.org/cacache set size:undefined disposed:false
398 silly fetch manifest @npmcli/package-json@^7.0.0
399 silly packumentCache full:https://registry.npmjs.org/@npmcli%2fpackage-json cache-miss
400 http fetch GET 200 https://registry.npmjs.org/@algolia%2fclient-query-suggestions 480ms (cache miss)
401 silly packumentCache full:https://registry.npmjs.org/@algolia%2fclient-query-suggestions set size:undefined disposed:false
402 silly fetch manifest @npmcli/promise-spawn@^9.0.0
403 silly packumentCache full:https://registry.npmjs.org/@npmcli%2fpromise-spawn cache-miss
404 http fetch GET 200 https://registry.npmjs.org/fs-minipass 278ms (cache miss)
405 silly packumentCache full:https://registry.npmjs.org/fs-minipass set size:undefined disposed:false
406 silly fetch manifest @npmcli/installed-package-contents@^4.0.0
407 silly packumentCache full:https://registry.npmjs.org/@npmcli%2finstalled-package-contents cache-miss
408 http fetch GET 200 https://registry.npmjs.org/npm-packlist 250ms (cache miss)
409 silly packumentCache full:https://registry.npmjs.org/npm-packlist set size:undefined disposed:false
410 silly fetch manifest entities@^8.0.0
411 silly packumentCache full:https://registry.npmjs.org/entities cache-miss
412 http fetch GET 200 https://registry.npmjs.org/@gar%2fpromise-retry 235ms (cache miss)
413 silly packumentCache full:https://registry.npmjs.org/@gar%2fpromise-retry set size:undefined disposed:false
414 silly fetch manifest parse5@^8.0.0
415 silly packumentCache full:https://registry.npmjs.org/parse5 cache-miss
416 http fetch GET 200 https://registry.npmjs.org/npm-pick-manifest 244ms (cache miss)
417 silly packumentCache full:https://registry.npmjs.org/npm-pick-manifest set size:undefined disposed:false
418 silly fetch manifest parse5-sax-parser@^8.0.0
419 silly packumentCache full:https://registry.npmjs.org/parse5-sax-parser cache-miss
420 http fetch GET 200 https://registry.npmjs.org/@npmcli%2fpackage-json 212ms (cache miss)
421 silly packumentCache full:https://registry.npmjs.org/@npmcli%2fpackage-json set size:undefined disposed:false
422 silly fetch manifest y18n@^5.0.5
423 silly packumentCache full:https://registry.npmjs.org/y18n cache-miss
424 http fetch GET 200 https://registry.npmjs.org/@npmcli%2fgit 323ms (cache miss)
425 silly packumentCache full:https://registry.npmjs.org/@npmcli%2fgit set size:undefined disposed:false
426 silly fetch manifest cliui@^9.0.1
427 silly packumentCache full:https://registry.npmjs.org/cliui cache-miss
428 http fetch GET 200 https://registry.npmjs.org/@npmcli%2frun-script 239ms (cache miss)
429 silly packumentCache full:https://registry.npmjs.org/@npmcli%2frun-script set size:undefined disposed:false
430 silly fetch manifest escalade@^3.1.1
431 silly packumentCache full:https://registry.npmjs.org/escalade cache-miss
432 http fetch GET 200 https://registry.npmjs.org/npm-registry-fetch 231ms (cache miss)
433 silly packumentCache full:https://registry.npmjs.org/npm-registry-fetch set size:undefined disposed:false
434 silly fetch manifest string-width@^7.2.0
435 silly packumentCache full:https://registry.npmjs.org/string-width cache-miss
436 http fetch GET 200 https://registry.npmjs.org/@algolia%2fclient-personalization 587ms (cache miss)
437 silly packumentCache full:https://registry.npmjs.org/@algolia%2fclient-personalization set size:undefined disposed:false
438 silly fetch manifest yargs-parser@^22.0.0
439 silly packumentCache full:https://registry.npmjs.org/yargs-parser cache-miss
440 http fetch GET 200 https://registry.npmjs.org/@npmcli%2finstalled-package-contents 82ms (cache miss)
441 silly packumentCache full:https://registry.npmjs.org/@npmcli%2finstalled-package-contents set size:undefined disposed:false
442 silly fetch manifest get-caller-file@^2.0.5
443 silly packumentCache full:https://registry.npmjs.org/get-caller-file cache-miss
444 http fetch GET 200 https://registry.npmjs.org/cliui 68ms (cache miss)
445 silly packumentCache full:https://registry.npmjs.org/cliui set size:undefined disposed:false
446 http fetch GET 200 https://registry.npmjs.org/entities 83ms (cache miss)
447 silly packumentCache full:https://registry.npmjs.org/entities set size:undefined disposed:false
448 http fetch GET 200 https://registry.npmjs.org/parse5 83ms (cache miss)
449 silly packumentCache full:https://registry.npmjs.org/parse5 set size:undefined disposed:false
450 http fetch GET 200 https://registry.npmjs.org/y18n 79ms (cache miss)
451 silly packumentCache full:https://registry.npmjs.org/y18n set size:undefined disposed:false
452 http fetch GET 200 https://registry.npmjs.org/escalade 73ms (cache miss)
453 silly packumentCache full:https://registry.npmjs.org/escalade set size:undefined disposed:false
454 http fetch GET 200 https://registry.npmjs.org/string-width 76ms (cache miss)
455 silly packumentCache full:https://registry.npmjs.org/string-width set size:undefined disposed:false
456 http fetch GET 200 https://registry.npmjs.org/parse5-sax-parser 96ms (cache miss)
457 silly packumentCache full:https://registry.npmjs.org/parse5-sax-parser set size:undefined disposed:false
458 http fetch GET 200 https://registry.npmjs.org/@npmcli%2fpromise-spawn 160ms (cache miss)
459 silly packumentCache full:https://registry.npmjs.org/@npmcli%2fpromise-spawn set size:undefined disposed:false
460 http fetch GET 200 https://registry.npmjs.org/get-caller-file 56ms (cache miss)
461 silly packumentCache full:https://registry.npmjs.org/get-caller-file set size:undefined disposed:false
462 http fetch GET 200 https://registry.npmjs.org/yargs-parser 82ms (cache miss)
463 silly packumentCache full:https://registry.npmjs.org/yargs-parser set size:undefined disposed:false
464 http fetch GET 200 https://registry.npmjs.org/typescript 1006ms (cache miss)
465 silly packumentCache full:https://registry.npmjs.org/typescript set size:undefined disposed:false
466 silly placeDep ROOT rxjs@7.8.2 OK for: @angular-devkit/architect@0.2200.6 want: 7.8.2
467 silly fetch manifest tslib@^2.1.0
468 silly packumentCache full:https://registry.npmjs.org/tslib cache-miss
469 http fetch GET 200 https://registry.npmjs.org/tslib 143ms (cache miss)
470 silly packumentCache full:https://registry.npmjs.org/tslib set size:undefined disposed:false
471 silly placeDep ROOT ajv@8.20.0 OK for: @angular-devkit/core@22.0.6 want: 8.20.0
472 silly placeDep ROOT ajv-formats@3.0.1 OK for: @angular-devkit/core@22.0.6 want: 3.0.1
473 silly placeDep ROOT picomatch@4.0.4 OK for: @angular-devkit/core@22.0.6 want: 4.0.4
474 silly placeDep ROOT source-map@0.7.6 OK for: @angular-devkit/core@22.0.6 want: 0.7.6
475 silly fetch manifest fast-deep-equal@^3.1.3
476 silly packumentCache full:https://registry.npmjs.org/fast-deep-equal cache-miss
477 silly fetch manifest fast-uri@^3.0.1
478 silly packumentCache full:https://registry.npmjs.org/fast-uri cache-miss
479 silly fetch manifest json-schema-traverse@^1.0.0
480 silly packumentCache full:https://registry.npmjs.org/json-schema-traverse cache-miss
481 silly fetch manifest require-from-string@^2.0.2
482 silly packumentCache full:https://registry.npmjs.org/require-from-string cache-miss
483 http fetch GET 200 https://registry.npmjs.org/fast-uri 90ms (cache miss)
484 silly packumentCache full:https://registry.npmjs.org/fast-uri set size:undefined disposed:false
485 http fetch GET 200 https://registry.npmjs.org/fast-deep-equal 93ms (cache miss)
486 silly packumentCache full:https://registry.npmjs.org/fast-deep-equal set size:undefined disposed:false
487 http fetch GET 200 https://registry.npmjs.org/json-schema-traverse 93ms (cache miss)
488 silly packumentCache full:https://registry.npmjs.org/json-schema-traverse set size:undefined disposed:false
489 http fetch GET 200 https://registry.npmjs.org/require-from-string 95ms (cache miss)
490 silly packumentCache full:https://registry.npmjs.org/require-from-string set size:undefined disposed:false
491 silly placeDep ROOT magic-string@0.30.21 OK for: @angular-devkit/schematics@22.0.6 want: 0.30.21
492 silly placeDep ROOT ora@9.4.0 OK for: @angular-devkit/schematics@22.0.6 want: 9.4.0
493 silly fetch manifest @jridgewell/sourcemap-codec@^1.5.5
494 silly packumentCache full:https://registry.npmjs.org/@jridgewell%2fsourcemap-codec cache-miss
495 silly fetch manifest chalk@^5.6.2
496 silly packumentCache full:https://registry.npmjs.org/chalk cache-miss
497 silly fetch manifest cli-cursor@^5.0.0
498 silly packumentCache full:https://registry.npmjs.org/cli-cursor cache-miss
499 silly fetch manifest log-symbols@^7.0.1
500 silly packumentCache full:https://registry.npmjs.org/log-symbols cache-miss
501 silly fetch manifest cli-spinners@^3.2.0
502 silly packumentCache full:https://registry.npmjs.org/cli-spinners cache-miss
503 silly fetch manifest string-width@^8.1.0
504 silly packumentCache full:https://registry.npmjs.org/string-width cache-miss
505 silly fetch manifest is-interactive@^2.0.0
506 silly packumentCache full:https://registry.npmjs.org/is-interactive cache-miss
507 silly fetch manifest stdin-discarder@^0.3.2
508 silly packumentCache full:https://registry.npmjs.org/stdin-discarder cache-miss
509 silly fetch manifest is-unicode-supported@^2.1.0
510 silly packumentCache full:https://registry.npmjs.org/is-unicode-supported cache-miss
511 http cache https://registry.npmjs.org/string-width 12ms (cache hit)
512 silly packumentCache full:https://registry.npmjs.org/string-width set size:72458 disposed:false
513 http fetch GET 200 https://registry.npmjs.org/stdin-discarder 94ms (cache miss)
514 silly packumentCache full:https://registry.npmjs.org/stdin-discarder set size:undefined disposed:false
515 http fetch GET 200 https://registry.npmjs.org/cli-cursor 98ms (cache miss)
516 silly packumentCache full:https://registry.npmjs.org/cli-cursor set size:undefined disposed:false
517 http fetch GET 200 https://registry.npmjs.org/is-interactive 98ms (cache miss)
518 silly packumentCache full:https://registry.npmjs.org/is-interactive set size:undefined disposed:false
519 http fetch GET 200 https://registry.npmjs.org/chalk 101ms (cache miss)
520 silly packumentCache full:https://registry.npmjs.org/chalk set size:undefined disposed:false
521 http fetch GET 200 https://registry.npmjs.org/log-symbols 102ms (cache miss)
522 silly packumentCache full:https://registry.npmjs.org/log-symbols set size:undefined disposed:false
523 http fetch GET 200 https://registry.npmjs.org/@jridgewell%2fsourcemap-codec 189ms (cache miss)
524 silly packumentCache full:https://registry.npmjs.org/@jridgewell%2fsourcemap-codec set size:undefined disposed:false
525 http fetch GET 200 https://registry.npmjs.org/is-unicode-supported 391ms (cache miss)
526 silly packumentCache full:https://registry.npmjs.org/is-unicode-supported set size:undefined disposed:false
527 http fetch GET 200 https://registry.npmjs.org/cli-spinners 395ms (cache miss)
528 silly packumentCache full:https://registry.npmjs.org/cli-spinners set size:undefined disposed:false
529 silly placeDep ROOT @inquirer/checkbox@5.2.1 OK for: @inquirer/prompts@8.4.2 want: ^5.1.4
530 silly placeDep ROOT @inquirer/confirm@6.1.1 OK for: @inquirer/prompts@8.4.2 want: ^6.0.12
531 silly placeDep ROOT @inquirer/editor@5.2.2 OK for: @inquirer/prompts@8.4.2 want: ^5.1.1
532 silly placeDep ROOT @inquirer/expand@5.1.1 OK for: @inquirer/prompts@8.4.2 want: ^5.0.13
533 silly placeDep ROOT @inquirer/input@5.1.2 OK for: @inquirer/prompts@8.4.2 want: ^5.0.12
534 silly placeDep ROOT @inquirer/number@4.1.1 OK for: @inquirer/prompts@8.4.2 want: ^4.0.12
535 silly placeDep ROOT @inquirer/password@5.1.1 OK for: @inquirer/prompts@8.4.2 want: ^5.0.12
536 silly placeDep ROOT @inquirer/rawlist@5.3.1 OK for: @inquirer/prompts@8.4.2 want: ^5.2.8
537 silly placeDep ROOT @inquirer/search@4.2.1 OK for: @inquirer/prompts@8.4.2 want: ^4.1.8
538 silly placeDep ROOT @inquirer/select@5.2.1 OK for: @inquirer/prompts@8.4.2 want: ^5.1.4
539 silly fetch manifest @inquirer/ansi@^2.0.7
540 silly packumentCache full:https://registry.npmjs.org/@inquirer%2fansi cache-miss
541 silly fetch manifest @inquirer/core@^11.2.1
542 silly packumentCache full:https://registry.npmjs.org/@inquirer%2fcore cache-miss
543 silly fetch manifest @inquirer/figures@^2.0.7
544 silly packumentCache full:https://registry.npmjs.org/@inquirer%2ffigures cache-miss
545 silly fetch manifest @inquirer/type@^4.0.7
546 silly packumentCache full:https://registry.npmjs.org/@inquirer%2ftype cache-miss
547 silly fetch manifest @inquirer/core@^11.2.1
548 silly packumentCache full:https://registry.npmjs.org/@inquirer%2fcore cache-miss
549 silly fetch manifest @inquirer/type@^4.0.7
550 silly packumentCache full:https://registry.npmjs.org/@inquirer%2ftype cache-miss
551 silly fetch manifest @inquirer/core@^11.2.1
552 silly packumentCache full:https://registry.npmjs.org/@inquirer%2fcore cache-miss
553 silly fetch manifest @inquirer/external-editor@^3.0.3
554 silly packumentCache full:https://registry.npmjs.org/@inquirer%2fexternal-editor cache-miss
555 silly fetch manifest @inquirer/type@^4.0.7
556 silly packumentCache full:https://registry.npmjs.org/@inquirer%2ftype cache-miss
557 silly fetch manifest @inquirer/core@^11.2.1
558 silly packumentCache full:https://registry.npmjs.org/@inquirer%2fcore cache-miss
559 silly fetch manifest @inquirer/type@^4.0.7
560 silly packumentCache full:https://registry.npmjs.org/@inquirer%2ftype cache-miss
561 http cache https://registry.npmjs.org/@inquirer%2ftype 19ms (cache hit)
562 silly packumentCache full:https://registry.npmjs.org/@inquirer%2ftype set size:119899 disposed:false
563 silly fetch manifest @inquirer/core@^11.2.1
564 silly packumentCache full:https://registry.npmjs.org/@inquirer%2fcore cache-miss
565 http cache https://registry.npmjs.org/@inquirer%2ftype 35ms (cache hit)
566 silly packumentCache full:https://registry.npmjs.org/@inquirer%2ftype set size:119899 disposed:false
567 silly packumentCache full:https://registry.npmjs.org/@inquirer%2ftype dispose
568 silly fetch manifest @inquirer/core@^11.2.1
569 silly packumentCache full:https://registry.npmjs.org/@inquirer%2fcore cache-miss
570 http cache https://registry.npmjs.org/@inquirer%2ftype 38ms (cache hit)
571 silly packumentCache full:https://registry.npmjs.org/@inquirer%2ftype set size:119899 disposed:true
572 silly packumentCache full:https://registry.npmjs.org/@inquirer%2ftype dispose
573 silly fetch manifest @inquirer/ansi@^2.0.7
574 silly packumentCache full:https://registry.npmjs.org/@inquirer%2fansi cache-miss
575 http cache https://registry.npmjs.org/@inquirer%2ftype 41ms (cache hit)
576 silly packumentCache full:https://registry.npmjs.org/@inquirer%2ftype set size:119899 disposed:true
577 silly packumentCache full:https://registry.npmjs.org/@inquirer%2ftype dispose
578 silly fetch manifest @inquirer/core@^11.2.1
579 silly packumentCache full:https://registry.npmjs.org/@inquirer%2fcore cache-miss
580 http fetch GET 200 https://registry.npmjs.org/@inquirer%2fansi 74ms (cache miss)
581 silly packumentCache full:https://registry.npmjs.org/@inquirer%2fansi set size:undefined disposed:false
582 silly fetch manifest @inquirer/core@^11.2.1
583 silly packumentCache full:https://registry.npmjs.org/@inquirer%2fcore cache-miss
584 http fetch GET 200 https://registry.npmjs.org/@inquirer%2ffigures 99ms (cache miss)
585 silly packumentCache full:https://registry.npmjs.org/@inquirer%2ffigures set size:undefined disposed:false
586 silly fetch manifest @inquirer/core@^11.2.1
587 silly packumentCache full:https://registry.npmjs.org/@inquirer%2fcore cache-miss
588 http fetch GET 200 https://registry.npmjs.org/@inquirer%2fcore 108ms (cache miss)
589 silly packumentCache full:https://registry.npmjs.org/@inquirer%2fcore set size:undefined disposed:false
590 http fetch GET 200 https://registry.npmjs.org/@inquirer%2fcore 127ms (cache miss)
591 silly packumentCache full:https://registry.npmjs.org/@inquirer%2fcore set size:undefined disposed:false
592 http fetch GET 200 https://registry.npmjs.org/@inquirer%2fcore 167ms (cache miss)
593 silly packumentCache full:https://registry.npmjs.org/@inquirer%2fcore set size:undefined disposed:false
594 http fetch GET 200 https://registry.npmjs.org/@inquirer%2fcore 150ms (cache miss)
595 silly packumentCache full:https://registry.npmjs.org/@inquirer%2fcore set size:undefined disposed:false
596 http fetch GET 200 https://registry.npmjs.org/@inquirer%2fcore 176ms (cache miss)
597 silly packumentCache full:https://registry.npmjs.org/@inquirer%2fcore set size:undefined disposed:false
598 http fetch GET 200 https://registry.npmjs.org/@inquirer%2fcore 181ms (cache miss)
599 silly packumentCache full:https://registry.npmjs.org/@inquirer%2fcore set size:undefined disposed:false
600 http fetch GET 200 https://registry.npmjs.org/@inquirer%2fexternal-editor 185ms (cache miss)
601 silly packumentCache full:https://registry.npmjs.org/@inquirer%2fexternal-editor set size:undefined disposed:false
602 http fetch GET 200 https://registry.npmjs.org/@inquirer%2fcore 115ms (cache miss)
603 silly packumentCache full:https://registry.npmjs.org/@inquirer%2fcore set size:undefined disposed:false
604 http fetch GET 200 https://registry.npmjs.org/@inquirer%2fcore 144ms (cache miss)
605 silly packumentCache full:https://registry.npmjs.org/@inquirer%2fcore set size:undefined disposed:false
606 http fetch GET 200 https://registry.npmjs.org/@inquirer%2fansi 232ms (cache miss)
607 silly packumentCache full:https://registry.npmjs.org/@inquirer%2fansi set size:undefined disposed:false
608 http fetch GET 200 https://registry.npmjs.org/@inquirer%2fcore 182ms (cache miss)
609 silly packumentCache full:https://registry.npmjs.org/@inquirer%2fcore set size:undefined disposed:false
610 silly placeDep ROOT @inquirer/ansi@2.0.7 OK for: @inquirer/checkbox@5.2.1 want: ^2.0.7
611 silly placeDep ROOT @inquirer/core@11.2.1 OK for: @inquirer/checkbox@5.2.1 want: ^11.2.1
612 silly placeDep ROOT @inquirer/figures@2.0.7 OK for: @inquirer/checkbox@5.2.1 want: ^2.0.7
613 silly placeDep ROOT @inquirer/type@4.0.7 OK for: @inquirer/checkbox@5.2.1 want: ^4.0.7
614 silly fetch manifest cli-width@^4.1.0
615 silly packumentCache full:https://registry.npmjs.org/cli-width cache-miss
616 silly fetch manifest fast-wrap-ansi@^0.2.0
617 silly packumentCache full:https://registry.npmjs.org/fast-wrap-ansi cache-miss
618 silly fetch manifest mute-stream@^3.0.0
619 silly packumentCache full:https://registry.npmjs.org/mute-stream cache-miss
620 silly fetch manifest signal-exit@^4.1.0
621 silly packumentCache full:https://registry.npmjs.org/signal-exit cache-miss
622 http fetch GET 200 https://registry.npmjs.org/fast-wrap-ansi 85ms (cache miss)
623 silly packumentCache full:https://registry.npmjs.org/fast-wrap-ansi set size:undefined disposed:false
624 http fetch GET 200 https://registry.npmjs.org/signal-exit 86ms (cache miss)
625 silly packumentCache full:https://registry.npmjs.org/signal-exit set size:undefined disposed:false
626 http fetch GET 200 https://registry.npmjs.org/mute-stream 90ms (cache miss)
627 silly packumentCache full:https://registry.npmjs.org/mute-stream set size:undefined disposed:false
628 http fetch GET 200 https://registry.npmjs.org/cli-width 92ms (cache miss)
629 silly packumentCache full:https://registry.npmjs.org/cli-width set size:undefined disposed:false
630 silly placeDep ROOT cli-width@4.1.0 OK for: @inquirer/core@11.2.1 want: ^4.1.0
631 silly placeDep ROOT fast-wrap-ansi@0.2.2 OK for: @inquirer/core@11.2.1 want: ^0.2.0
632 silly placeDep ROOT mute-stream@3.0.0 OK for: @inquirer/core@11.2.1 want: ^3.0.0
633 silly placeDep ROOT signal-exit@4.1.0 OK for: @inquirer/core@11.2.1 want: ^4.1.0
634 silly fetch manifest fast-string-width@^3.0.2
635 silly packumentCache full:https://registry.npmjs.org/fast-string-width cache-miss
636 http fetch GET 200 https://registry.npmjs.org/fast-string-width 80ms (cache miss)
637 silly packumentCache full:https://registry.npmjs.org/fast-string-width set size:undefined disposed:false
638 silly placeDep ROOT @inquirer/external-editor@3.0.3 OK for: @inquirer/editor@5.2.2 want: ^3.0.3
639 silly fetch manifest chardet@^2.1.1
640 silly packumentCache full:https://registry.npmjs.org/chardet cache-miss
641 silly fetch manifest iconv-lite@^0.7.2
642 silly packumentCache full:https://registry.npmjs.org/iconv-lite cache-miss
643 http fetch GET 200 https://registry.npmjs.org/iconv-lite 102ms (cache miss)
644 silly packumentCache full:https://registry.npmjs.org/iconv-lite set size:undefined disposed:false
645 http fetch GET 200 https://registry.npmjs.org/chardet 111ms (cache miss)
646 silly packumentCache full:https://registry.npmjs.org/chardet set size:undefined disposed:false
647 silly placeDep ROOT chardet@2.2.0 OK for: @inquirer/external-editor@3.0.3 want: ^2.1.1
648 silly placeDep ROOT iconv-lite@0.7.3 OK for: @inquirer/external-editor@3.0.3 want: ^0.7.2
649 silly fetch manifest safer-buffer@>= 2.1.2 < 3.0.0
650 silly packumentCache full:https://registry.npmjs.org/safer-buffer cache-miss
651 http fetch GET 200 https://registry.npmjs.org/safer-buffer 96ms (cache miss)
652 silly packumentCache full:https://registry.npmjs.org/safer-buffer set size:undefined disposed:false
653 silly placeDep ROOT @hono/node-server@1.19.14 OK for: @modelcontextprotocol/sdk@1.29.0 want: ^1.19.9
654 silly placeDep ROOT hono@4.12.29 OK for: @hono/node-server@1.19.14 want: ^4
655 silly placeDep ROOT content-type@1.0.5 OK for: @modelcontextprotocol/sdk@1.29.0 want: ^1.0.5
656 silly placeDep ROOT cors@2.8.6 OK for: @modelcontextprotocol/sdk@1.29.0 want: ^2.8.5
657 silly placeDep ROOT cross-spawn@7.0.6 OK for: @modelcontextprotocol/sdk@1.29.0 want: ^7.0.5
658 silly placeDep ROOT eventsource@3.0.7 OK for: @modelcontextprotocol/sdk@1.29.0 want: ^3.0.2
659 silly placeDep ROOT eventsource-parser@3.1.0 OK for: @modelcontextprotocol/sdk@1.29.0 want: ^3.0.0
660 silly placeDep ROOT express@5.2.1 OK for: @modelcontextprotocol/sdk@1.29.0 want: ^5.2.1
661 silly placeDep ROOT express-rate-limit@8.5.2 OK for: @modelcontextprotocol/sdk@1.29.0 want: ^8.2.1
662 silly placeDep ROOT jose@6.2.3 OK for: @modelcontextprotocol/sdk@1.29.0 want: ^6.1.3
663 silly placeDep ROOT json-schema-typed@8.0.2 OK for: @modelcontextprotocol/sdk@1.29.0 want: ^8.0.2
664 silly placeDep ROOT pkce-challenge@5.0.1 OK for: @modelcontextprotocol/sdk@1.29.0 want: ^5.0.0
665 silly placeDep ROOT raw-body@3.0.2 OK for: @modelcontextprotocol/sdk@1.29.0 want: ^3.0.0
666 silly placeDep ROOT zod-to-json-schema@3.25.2 OK for: @modelcontextprotocol/sdk@1.29.0 want: ^3.25.1
667 silly fetch manifest object-assign@^4
668 silly packumentCache full:https://registry.npmjs.org/object-assign cache-miss
669 silly fetch manifest vary@^1
670 silly packumentCache full:https://registry.npmjs.org/vary cache-miss
671 silly fetch manifest which@^2.0.1
672 silly packumentCache full:https://registry.npmjs.org/which cache-miss
673 silly fetch manifest path-key@^3.1.0
674 silly packumentCache full:https://registry.npmjs.org/path-key cache-miss
675 silly fetch manifest shebang-command@^2.0.0
676 silly packumentCache full:https://registry.npmjs.org/shebang-command cache-miss
677 silly fetch manifest eventsource-parser@^3.0.1
678 silly packumentCache full:https://registry.npmjs.org/eventsource-parser cache-miss
679 silly fetch manifest qs@^6.14.0
680 silly packumentCache full:https://registry.npmjs.org/qs cache-miss
681 silly fetch manifest depd@^2.0.0
682 silly packumentCache full:https://registry.npmjs.org/depd cache-miss
683 silly fetch manifest etag@^1.8.1
684 silly packumentCache full:https://registry.npmjs.org/etag cache-miss
685 silly fetch manifest once@^1.4.0
686 silly packumentCache full:https://registry.npmjs.org/once cache-miss
687 silly fetch manifest send@^1.1.0
688 silly packumentCache full:https://registry.npmjs.org/send cache-miss
689 http cache https://registry.npmjs.org/eventsource-parser 16ms (cache hit)
690 silly packumentCache full:https://registry.npmjs.org/eventsource-parser set size:78018 disposed:false
691 silly fetch manifest vary@^1.1.2
692 silly packumentCache full:https://registry.npmjs.org/vary cache-miss
693 http fetch GET 200 https://registry.npmjs.org/etag 54ms (cache miss)
694 silly packumentCache full:https://registry.npmjs.org/etag set size:undefined disposed:false
695 silly fetch manifest debug@^4.4.0
696 silly packumentCache full:https://registry.npmjs.org/debug cache-miss
697 http fetch GET 200 https://registry.npmjs.org/once 80ms (cache miss)
698 silly packumentCache full:https://registry.npmjs.org/once set size:undefined disposed:false
699 silly fetch manifest fresh@^2.0.0
700 silly packumentCache full:https://registry.npmjs.org/fresh cache-miss
701 http fetch GET 200 https://registry.npmjs.org/vary 89ms (cache miss)
702 silly packumentCache full:https://registry.npmjs.org/vary set size:undefined disposed:false
703 silly fetch manifest cookie@^0.7.1
704 silly packumentCache full:https://registry.npmjs.org/cookie cache-miss
705 http fetch GET 200 https://registry.npmjs.org/object-assign 91ms (cache miss)
706 silly packumentCache full:https://registry.npmjs.org/object-assign set size:undefined disposed:false
707 silly fetch manifest router@^2.2.0
708 silly packumentCache full:https://registry.npmjs.org/router cache-miss
709 http fetch GET 200 https://registry.npmjs.org/path-key 92ms (cache miss)
710 silly packumentCache full:https://registry.npmjs.org/path-key set size:undefined disposed:false
711 silly fetch manifest accepts@^2.0.0
712 silly packumentCache full:https://registry.npmjs.org/accepts cache-miss
713 http fetch GET 200 https://registry.npmjs.org/shebang-command 96ms (cache miss)
714 silly packumentCache full:https://registry.npmjs.org/shebang-command set size:undefined disposed:false
715 silly fetch manifest type-is@^2.0.1
716 silly packumentCache full:https://registry.npmjs.org/type-is cache-miss
717 http fetch GET 200 https://registry.npmjs.org/vary 80ms (cache miss)
718 silly packumentCache full:https://registry.npmjs.org/vary set size:undefined disposed:false
719 silly fetch manifest parseurl@^1.3.3
720 silly packumentCache full:https://registry.npmjs.org/parseurl cache-miss
721 http fetch GET 200 https://registry.npmjs.org/depd 101ms (cache miss)
722 silly packumentCache full:https://registry.npmjs.org/depd set size:undefined disposed:false
723 silly fetch manifest statuses@^2.0.1
724 silly packumentCache full:https://registry.npmjs.org/statuses cache-miss
725 http fetch GET 200 https://registry.npmjs.org/which 107ms (cache miss)
726 silly packumentCache full:https://registry.npmjs.org/which set size:undefined disposed:false
727 silly fetch manifest encodeurl@^2.0.0
728 silly packumentCache full:https://registry.npmjs.org/encodeurl cache-miss
729 http fetch GET 200 https://registry.npmjs.org/send 111ms (cache miss)
730 silly packumentCache full:https://registry.npmjs.org/send set size:undefined disposed:false
731 silly fetch manifest mime-types@^3.0.0
732 silly packumentCache full:https://registry.npmjs.org/mime-types cache-miss
733 http fetch GET 200 https://registry.npmjs.org/qs 126ms (cache miss)
734 silly packumentCache full:https://registry.npmjs.org/qs set size:undefined disposed:false
735 silly fetch manifest proxy-addr@^2.0.7
736 silly packumentCache full:https://registry.npmjs.org/proxy-addr cache-miss
737 http fetch GET 200 https://registry.npmjs.org/fresh 52ms (cache miss)
738 silly packumentCache full:https://registry.npmjs.org/fresh set size:undefined disposed:false
739 silly fetch manifest body-parser@^2.2.1
740 silly packumentCache full:https://registry.npmjs.org/body-parser cache-miss
741 http fetch GET 200 https://registry.npmjs.org/debug 82ms (cache miss)
742 silly packumentCache full:https://registry.npmjs.org/debug set size:undefined disposed:false
743 silly fetch manifest escape-html@^1.0.3
744 silly packumentCache full:https://registry.npmjs.org/escape-html cache-miss
745 http fetch GET 200 https://registry.npmjs.org/cookie 70ms (cache miss)
746 silly packumentCache full:https://registry.npmjs.org/cookie set size:undefined disposed:false
747 silly fetch manifest http-errors@^2.0.0
748 silly packumentCache full:https://registry.npmjs.org/http-errors cache-miss
749 http fetch GET 200 https://registry.npmjs.org/router 82ms (cache miss)
750 silly packumentCache full:https://registry.npmjs.org/router set size:undefined disposed:false
751 silly fetch manifest on-finished@^2.4.1
752 silly packumentCache full:https://registry.npmjs.org/on-finished cache-miss
753 http fetch GET 200 https://registry.npmjs.org/parseurl 79ms (cache miss)
754 silly packumentCache full:https://registry.npmjs.org/parseurl set size:undefined disposed:false
755 silly fetch manifest finalhandler@^2.1.0
756 silly packumentCache full:https://registry.npmjs.org/finalhandler cache-miss
757 http fetch GET 200 https://registry.npmjs.org/accepts 90ms (cache miss)
758 silly packumentCache full:https://registry.npmjs.org/accepts set size:undefined disposed:false
759 silly fetch manifest range-parser@^1.2.1
760 silly packumentCache full:https://registry.npmjs.org/range-parser cache-miss
761 http fetch GET 200 https://registry.npmjs.org/statuses 83ms (cache miss)
762 silly packumentCache full:https://registry.npmjs.org/statuses set size:undefined disposed:false
763 silly fetch manifest serve-static@^2.2.0
764 silly packumentCache full:https://registry.npmjs.org/serve-static cache-miss
765 http fetch GET 200 https://registry.npmjs.org/type-is 93ms (cache miss)
766 silly packumentCache full:https://registry.npmjs.org/type-is set size:undefined disposed:false
767 silly fetch manifest cookie-signature@^1.2.1
768 silly packumentCache full:https://registry.npmjs.org/cookie-signature cache-miss
769 http fetch GET 200 https://registry.npmjs.org/encodeurl 89ms (cache miss)
770 silly packumentCache full:https://registry.npmjs.org/encodeurl set size:undefined disposed:false
771 silly fetch manifest merge-descriptors@^2.0.0
772 silly packumentCache full:https://registry.npmjs.org/merge-descriptors cache-miss
773 http fetch GET 200 https://registry.npmjs.org/mime-types 86ms (cache miss)
774 silly packumentCache full:https://registry.npmjs.org/mime-types set size:undefined disposed:false
775 silly fetch manifest content-disposition@^1.0.0
776 silly packumentCache full:https://registry.npmjs.org/content-disposition cache-miss
777 http fetch GET 200 https://registry.npmjs.org/proxy-addr 78ms (cache miss)
778 silly packumentCache full:https://registry.npmjs.org/proxy-addr set size:undefined disposed:false
779 silly fetch manifest ip-address@^10.2.0
780 silly packumentCache full:https://registry.npmjs.org/ip-address cache-miss
781 http fetch GET 200 https://registry.npmjs.org/escape-html 72ms (cache miss)
782 silly packumentCache full:https://registry.npmjs.org/escape-html set size:undefined disposed:false
783 silly fetch manifest bytes@~3.1.2
784 silly packumentCache full:https://registry.npmjs.org/bytes cache-miss
785 http fetch GET 200 https://registry.npmjs.org/body-parser 83ms (cache miss)
786 silly packumentCache full:https://registry.npmjs.org/body-parser set size:undefined disposed:false
787 silly fetch manifest unpipe@~1.0.0
788 silly packumentCache full:https://registry.npmjs.org/unpipe cache-miss
789 http fetch GET 200 https://registry.npmjs.org/http-errors 68ms (cache miss)
790 silly packumentCache full:https://registry.npmjs.org/http-errors set size:undefined disposed:false
791 silly fetch manifest http-errors@~2.0.1
792 silly packumentCache full:https://registry.npmjs.org/http-errors cache-miss
793 http cache https://registry.npmjs.org/http-errors 8ms (cache hit)
794 silly packumentCache full:https://registry.npmjs.org/http-errors set size:71987 disposed:false
795 http fetch GET 200 https://registry.npmjs.org/on-finished 71ms (cache miss)
796 silly packumentCache full:https://registry.npmjs.org/on-finished set size:undefined disposed:false
797 http fetch GET 200 https://registry.npmjs.org/range-parser 77ms (cache miss)
798 silly packumentCache full:https://registry.npmjs.org/range-parser set size:undefined disposed:false
799 http fetch GET 200 https://registry.npmjs.org/merge-descriptors 63ms (cache miss)
800 silly packumentCache full:https://registry.npmjs.org/merge-descriptors set size:undefined disposed:false
801 http fetch GET 200 https://registry.npmjs.org/finalhandler 84ms (cache miss)
802 silly packumentCache full:https://registry.npmjs.org/finalhandler set size:undefined disposed:false
803 http fetch GET 200 https://registry.npmjs.org/content-disposition 59ms (cache miss)
804 silly packumentCache full:https://registry.npmjs.org/content-disposition set size:undefined disposed:false
805 http fetch GET 200 https://registry.npmjs.org/cookie-signature 78ms (cache miss)
806 silly packumentCache full:https://registry.npmjs.org/cookie-signature set size:undefined disposed:false
807 http fetch GET 200 https://registry.npmjs.org/serve-static 87ms (cache miss)
808 silly packumentCache full:https://registry.npmjs.org/serve-static set size:undefined disposed:false
809 http fetch GET 200 https://registry.npmjs.org/bytes 67ms (cache miss)
810 silly packumentCache full:https://registry.npmjs.org/bytes set size:undefined disposed:false
811 http fetch GET 200 https://registry.npmjs.org/ip-address 73ms (cache miss)
812 silly packumentCache full:https://registry.npmjs.org/ip-address set size:undefined disposed:false
813 http fetch GET 200 https://registry.npmjs.org/unpipe 97ms (cache miss)
814 silly packumentCache full:https://registry.npmjs.org/unpipe set size:undefined disposed:false
815 silly placeDep ROOT typescript@6.0.3 OK for: @schematics/angular@22.0.6 want: 6.0.3
816 silly placeDep ROOT fast-deep-equal@3.1.3 OK for: ajv@8.20.0 want: ^3.1.3
817 silly placeDep ROOT fast-uri@3.1.3 OK for: ajv@8.20.0 want: ^3.0.1
818 silly placeDep ROOT json-schema-traverse@1.0.0 OK for: ajv@8.20.0 want: ^1.0.0
819 silly placeDep ROOT require-from-string@2.0.2 OK for: ajv@8.20.0 want: ^2.0.2
820 silly placeDep ROOT @algolia/abtesting@1.18.0 OK for: algoliasearch@5.52.0 want: 1.18.0
821 silly placeDep ROOT @algolia/client-abtesting@5.52.0 OK for: algoliasearch@5.52.0 want: 5.52.0
822 silly placeDep ROOT @algolia/client-analytics@5.52.0 OK for: algoliasearch@5.52.0 want: 5.52.0
823 silly placeDep ROOT @algolia/client-common@5.52.0 OK for: algoliasearch@5.52.0 want: 5.52.0
824 silly placeDep ROOT @algolia/client-insights@5.52.0 OK for: algoliasearch@5.52.0 want: 5.52.0
825 silly placeDep ROOT @algolia/client-personalization@5.52.0 OK for: algoliasearch@5.52.0 want: 5.52.0
826 silly placeDep ROOT @algolia/client-query-suggestions@5.52.0 OK for: algoliasearch@5.52.0 want: 5.52.0
827 silly placeDep ROOT @algolia/client-search@5.52.0 OK for: algoliasearch@5.52.0 want: 5.52.0
828 silly placeDep ROOT @algolia/ingestion@1.52.0 OK for: algoliasearch@5.52.0 want: 1.52.0
829 silly placeDep ROOT @algolia/monitoring@1.52.0 OK for: algoliasearch@5.52.0 want: 1.52.0
830 silly placeDep ROOT @algolia/recommend@5.52.0 OK for: algoliasearch@5.52.0 want: 5.52.0
831 silly placeDep ROOT @algolia/requester-browser-xhr@5.52.0 OK for: algoliasearch@5.52.0 want: 5.52.0
832 silly placeDep ROOT @algolia/requester-fetch@5.52.0 OK for: algoliasearch@5.52.0 want: 5.52.0
833 silly placeDep ROOT @algolia/requester-node-http@5.52.0 OK for: algoliasearch@5.52.0 want: 5.52.0
834 silly placeDep ROOT object-assign@4.1.1 OK for: cors@2.8.6 want: ^4
835 silly placeDep ROOT vary@1.1.2 OK for: cors@2.8.6 want: ^1
836 silly placeDep ROOT path-key@3.1.1 OK for: cross-spawn@7.0.6 want: ^3.1.0
837 silly placeDep ROOT shebang-command@2.0.0 OK for: cross-spawn@7.0.6 want: ^2.0.0
838 silly placeDep ROOT which@2.0.2 OK for: cross-spawn@7.0.6 want: ^2.0.1
839 silly fetch manifest shebang-regex@^3.0.0
840 silly packumentCache full:https://registry.npmjs.org/shebang-regex cache-miss
841 silly fetch manifest isexe@^2.0.0
842 silly packumentCache full:https://registry.npmjs.org/isexe cache-miss
843 http fetch GET 200 https://registry.npmjs.org/shebang-regex 121ms (cache miss)
844 silly packumentCache full:https://registry.npmjs.org/shebang-regex set size:undefined disposed:false
845 http fetch GET 200 https://registry.npmjs.org/isexe 122ms (cache miss)
846 silly packumentCache full:https://registry.npmjs.org/isexe set size:undefined disposed:false
847 silly placeDep ROOT accepts@2.0.0 OK for: express@5.2.1 want: ^2.0.0
848 silly placeDep ROOT body-parser@2.3.0 OK for: express@5.2.1 want: ^2.2.1
849 silly placeDep ROOT content-disposition@1.1.0 OK for: express@5.2.1 want: ^1.0.0
850 silly placeDep ROOT cookie@0.7.2 OK for: express@5.2.1 want: ^0.7.1
851 silly placeDep ROOT cookie-signature@1.2.2 OK for: express@5.2.1 want: ^1.2.1
852 silly placeDep ROOT debug@4.4.3 OK for: express@5.2.1 want: ^4.4.0
853 silly placeDep ROOT depd@2.0.0 OK for: express@5.2.1 want: ^2.0.0
854 silly placeDep ROOT encodeurl@2.0.0 OK for: express@5.2.1 want: ^2.0.0
855 silly placeDep ROOT escape-html@1.0.3 OK for: express@5.2.1 want: ^1.0.3
856 silly placeDep ROOT etag@1.8.1 OK for: express@5.2.1 want: ^1.8.1
857 silly placeDep ROOT finalhandler@2.1.1 OK for: express@5.2.1 want: ^2.1.0
858 silly placeDep ROOT fresh@2.0.0 OK for: express@5.2.1 want: ^2.0.0
859 silly placeDep ROOT http-errors@2.0.1 OK for: express@5.2.1 want: ^2.0.0
860 silly placeDep ROOT merge-descriptors@2.0.0 OK for: express@5.2.1 want: ^2.0.0
861 silly placeDep ROOT mime-types@3.0.2 OK for: express@5.2.1 want: ^3.0.0
862 silly placeDep ROOT on-finished@2.4.1 OK for: express@5.2.1 want: ^2.4.1
863 silly placeDep ROOT once@1.4.0 OK for: express@5.2.1 want: ^1.4.0
864 silly placeDep ROOT parseurl@1.3.3 OK for: express@5.2.1 want: ^1.3.3
865 silly placeDep ROOT proxy-addr@2.0.7 OK for: express@5.2.1 want: ^2.0.7
866 silly placeDep ROOT qs@6.15.3 OK for: express@5.2.1 want: ^6.14.0
867 silly placeDep ROOT range-parser@1.3.0 OK for: express@5.2.1 want: ^1.2.1
868 silly placeDep ROOT router@2.2.0 OK for: express@5.2.1 want: ^2.2.0
869 silly placeDep ROOT send@1.2.1 OK for: express@5.2.1 want: ^1.1.0
870 silly placeDep ROOT serve-static@2.2.1 OK for: express@5.2.1 want: ^2.2.0
871 silly placeDep ROOT statuses@2.0.2 OK for: express@5.2.1 want: ^2.0.1
872 silly placeDep ROOT type-is@2.1.0 OK for: express@5.2.1 want: ^2.0.1
873 silly fetch manifest negotiator@^1.0.0
874 silly packumentCache full:https://registry.npmjs.org/negotiator cache-miss
875 silly fetch manifest qs@^6.15.2
876 silly packumentCache full:https://registry.npmjs.org/qs cache-miss
877 silly fetch manifest bytes@^3.1.2
878 silly packumentCache full:https://registry.npmjs.org/bytes cache-miss
879 silly fetch manifest debug@^4.4.3
880 silly packumentCache full:https://registry.npmjs.org/debug cache-miss
881 silly fetch manifest type-is@^2.1.0
882 silly packumentCache full:https://registry.npmjs.org/type-is cache-miss
883 silly fetch manifest http-errors@^2.0.1
884 silly packumentCache full:https://registry.npmjs.org/http-errors cache-hit
885 silly fetch manifest content-type@^2.0.0
886 silly packumentCache full:https://registry.npmjs.org/content-type cache-miss
887 silly fetch manifest ms@^2.1.3
888 silly packumentCache full:https://registry.npmjs.org/ms cache-miss
889 silly fetch manifest inherits@~2.0.4
890 silly packumentCache full:https://registry.npmjs.org/inherits cache-miss
891 silly fetch manifest setprototypeof@~1.2.0
892 silly packumentCache full:https://registry.npmjs.org/setprototypeof cache-miss
893 silly fetch manifest statuses@~2.0.2
894 silly packumentCache full:https://registry.npmjs.org/statuses cache-miss
895 silly fetch manifest toidentifier@~1.0.1
896 silly packumentCache full:https://registry.npmjs.org/toidentifier cache-miss
897 http cache https://registry.npmjs.org/qs 26ms (cache hit)
898 silly packumentCache full:https://registry.npmjs.org/qs set size:360318 disposed:false
899 silly fetch manifest mime-db@^1.54.0
900 silly packumentCache full:https://registry.npmjs.org/mime-db cache-miss
901 http cache https://registry.npmjs.org/debug 32ms (cache hit)
902 silly packumentCache full:https://registry.npmjs.org/debug set size:195840 disposed:false
903 silly fetch manifest ee-first@1.1.1
904 silly packumentCache full:https://registry.npmjs.org/ee-first cache-miss
905 http cache https://registry.npmjs.org/type-is 36ms (cache hit)
906 silly packumentCache full:https://registry.npmjs.org/type-is set size:88614 disposed:false
907 silly fetch manifest wrappy@1
908 silly packumentCache full:https://registry.npmjs.org/wrappy cache-miss
909 http cache https://registry.npmjs.org/bytes 40ms (cache hit)
910 silly packumentCache full:https://registry.npmjs.org/bytes set size:37018 disposed:false
911 silly fetch manifest forwarded@0.2.0
912 silly packumentCache full:https://registry.npmjs.org/forwarded cache-miss
913 http cache https://registry.npmjs.org/content-type 46ms (cache hit)
914 silly packumentCache full:https://registry.npmjs.org/content-type set size:18994 disposed:false
915 silly fetch manifest ipaddr.js@1.9.1
916 silly packumentCache full:https://registry.npmjs.org/ipaddr.js cache-miss
917 http cache https://registry.npmjs.org/statuses 45ms (cache hit)
918 silly packumentCache full:https://registry.npmjs.org/statuses set size:37117 disposed:false
919 silly fetch manifest side-channel@^1.1.1
920 silly packumentCache full:https://registry.npmjs.org/side-channel cache-miss
921 http fetch GET 200 https://registry.npmjs.org/ms 67ms (cache miss)
922 silly packumentCache full:https://registry.npmjs.org/ms set size:undefined disposed:false
923 silly fetch manifest es-define-property@^1.0.1
924 silly packumentCache full:https://registry.npmjs.org/es-define-property cache-miss
925 http fetch GET 200 https://registry.npmjs.org/inherits 69ms (cache miss)
926 silly packumentCache full:https://registry.npmjs.org/inherits set size:undefined disposed:false
927 silly fetch manifest is-promise@^4.0.0
928 silly packumentCache full:https://registry.npmjs.org/is-promise cache-miss
929 http fetch GET 200 https://registry.npmjs.org/setprototypeof 71ms (cache miss)
930 silly packumentCache full:https://registry.npmjs.org/setprototypeof set size:undefined disposed:false
931 silly fetch manifest path-to-regexp@^8.0.0
932 silly packumentCache full:https://registry.npmjs.org/path-to-regexp cache-miss
933 http fetch GET 200 https://registry.npmjs.org/toidentifier 74ms (cache miss)
934 silly packumentCache full:https://registry.npmjs.org/toidentifier set size:undefined disposed:false
935 silly fetch manifest statuses@^2.0.2
936 silly packumentCache full:https://registry.npmjs.org/statuses cache-hit
937 silly fetch manifest media-typer@^1.1.0
938 silly packumentCache full:https://registry.npmjs.org/media-typer cache-miss
939 http fetch GET 200 https://registry.npmjs.org/negotiator 83ms (cache miss)
940 silly packumentCache full:https://registry.npmjs.org/negotiator set size:undefined disposed:false
941 http fetch GET 200 https://registry.npmjs.org/wrappy 64ms (cache miss)
942 silly packumentCache full:https://registry.npmjs.org/wrappy set size:undefined disposed:false
943 http fetch GET 200 https://registry.npmjs.org/forwarded 63ms (cache miss)
944 silly packumentCache full:https://registry.npmjs.org/forwarded set size:undefined disposed:false
945 http fetch GET 200 https://registry.npmjs.org/ee-first 73ms (cache miss)
946 silly packumentCache full:https://registry.npmjs.org/ee-first set size:undefined disposed:false
947 http fetch GET 200 https://registry.npmjs.org/side-channel 70ms (cache miss)
948 silly packumentCache full:https://registry.npmjs.org/side-channel set size:undefined disposed:false
949 http fetch GET 200 https://registry.npmjs.org/mime-db 92ms (cache miss)
950 silly packumentCache full:https://registry.npmjs.org/mime-db set size:undefined disposed:false
951 http fetch GET 200 https://registry.npmjs.org/ipaddr.js 78ms (cache miss)
952 silly packumentCache full:https://registry.npmjs.org/ipaddr.js set size:undefined disposed:false
953 http fetch GET 200 https://registry.npmjs.org/es-define-property 58ms (cache miss)
954 silly packumentCache full:https://registry.npmjs.org/es-define-property set size:undefined disposed:false
955 http fetch GET 200 https://registry.npmjs.org/is-promise 58ms (cache miss)
956 silly packumentCache full:https://registry.npmjs.org/is-promise set size:undefined disposed:false
957 http fetch GET 200 https://registry.npmjs.org/media-typer 65ms (cache miss)
958 silly packumentCache full:https://registry.npmjs.org/media-typer set size:undefined disposed:false
959 http fetch GET 200 https://registry.npmjs.org/path-to-regexp 78ms (cache miss)
960 silly packumentCache full:https://registry.npmjs.org/path-to-regexp set size:undefined disposed:false
961 silly placeDep ROOT negotiator@1.0.0 OK for: accepts@2.0.0 want: ^1.0.0
962 silly placeDep ROOT bytes@3.1.2 OK for: body-parser@2.3.0 want: ^3.1.2
963 silly placeDep node_modules/body-parser content-type@2.0.0 OK for: body-parser@2.3.0 want: ^2.0.0
964 silly placeDep ROOT ms@2.1.3 OK for: debug@4.4.3 want: ^2.1.3
965 silly placeDep ROOT ip-address@10.2.0 OK for: express-rate-limit@8.5.2 want: ^10.2.0
966 silly placeDep ROOT fast-string-width@3.0.2 OK for: fast-wrap-ansi@0.2.2 want: ^3.0.2
967 silly fetch manifest fast-string-truncated-width@^3.0.2
968 silly packumentCache full:https://registry.npmjs.org/fast-string-truncated-width cache-miss
969 http fetch GET 200 https://registry.npmjs.org/fast-string-truncated-width 99ms (cache miss)
970 silly packumentCache full:https://registry.npmjs.org/fast-string-truncated-width set size:undefined disposed:false
971 silly placeDep ROOT fast-string-truncated-width@3.0.3 OK for: fast-string-width@3.0.2 want: ^3.0.2
972 silly placeDep ROOT inherits@2.0.4 OK for: http-errors@2.0.1 want: ~2.0.4
973 silly placeDep ROOT setprototypeof@1.2.0 OK for: http-errors@2.0.1 want: ~1.2.0
974 silly placeDep ROOT toidentifier@1.0.1 OK for: http-errors@2.0.1 want: ~1.0.1
975 silly placeDep ROOT safer-buffer@2.1.2 OK for: iconv-lite@0.7.3 want: >= 2.1.2 < 3.0.0
976 silly placeDep ROOT cli-truncate@5.2.0 OK for: listr2@10.2.1 want: ^5.2.0
977 silly placeDep ROOT eventemitter3@5.0.4 OK for: listr2@10.2.1 want: ^5.0.4
978 silly placeDep ROOT log-update@6.1.0 OK for: listr2@10.2.1 want: ^6.1.0
979 silly placeDep ROOT rfdc@1.4.1 OK for: listr2@10.2.1 want: ^1.4.1
980 silly placeDep ROOT wrap-ansi@10.0.0 OK for: listr2@10.2.1 want: ^10.0.0
981 silly fetch manifest slice-ansi@^8.0.0
982 silly packumentCache full:https://registry.npmjs.org/slice-ansi cache-miss
983 silly fetch manifest string-width@^8.2.0
984 silly packumentCache full:https://registry.npmjs.org/string-width cache-hit
985 silly fetch manifest wrap-ansi@^9.0.0
986 silly packumentCache full:https://registry.npmjs.org/wrap-ansi cache-miss
987 silly fetch manifest slice-ansi@^7.1.0
988 silly packumentCache full:https://registry.npmjs.org/slice-ansi cache-miss
989 silly fetch manifest strip-ansi@^7.1.0
990 silly packumentCache full:https://registry.npmjs.org/strip-ansi cache-miss
991 silly fetch manifest ansi-escapes@^7.0.0
992 silly packumentCache full:https://registry.npmjs.org/ansi-escapes cache-miss
993 silly fetch manifest ansi-styles@^6.2.3
994 silly packumentCache full:https://registry.npmjs.org/ansi-styles cache-miss
995 silly fetch manifest string-width@^8.2.0
996 silly packumentCache full:https://registry.npmjs.org/string-width cache-hit
997 silly fetch manifest strip-ansi@^7.1.2
998 silly packumentCache full:https://registry.npmjs.org/strip-ansi cache-miss
999 http cache https://registry.npmjs.org/wrap-ansi 12ms (cache hit)
1000 silly packumentCache full:https://registry.npmjs.org/wrap-ansi set size:55299 disposed:false
1001 http fetch GET 200 https://registry.npmjs.org/ansi-escapes 91ms (cache miss)
1002 silly packumentCache full:https://registry.npmjs.org/ansi-escapes set size:undefined disposed:false
1003 http fetch GET 200 https://registry.npmjs.org/strip-ansi 94ms (cache miss)
1004 silly packumentCache full:https://registry.npmjs.org/strip-ansi set size:undefined disposed:false
1005 http fetch GET 200 https://registry.npmjs.org/slice-ansi 96ms (cache miss)
1006 silly packumentCache full:https://registry.npmjs.org/slice-ansi set size:undefined disposed:false
1007 http fetch GET 200 https://registry.npmjs.org/ansi-styles 95ms (cache miss)
1008 silly packumentCache full:https://registry.npmjs.org/ansi-styles set size:undefined disposed:false
1009 http fetch GET 200 https://registry.npmjs.org/strip-ansi 96ms (cache miss)
1010 silly packumentCache full:https://registry.npmjs.org/strip-ansi set size:undefined disposed:false
1011 http fetch GET 200 https://registry.npmjs.org/slice-ansi 101ms (cache miss)
1012 silly packumentCache full:https://registry.npmjs.org/slice-ansi set size:undefined disposed:false
1013 silly placeDep ROOT slice-ansi@8.0.0 OK for: cli-truncate@5.2.0 want: ^8.0.0
1014 silly placeDep ROOT string-width@8.2.2 OK for: cli-truncate@5.2.0 want: ^8.2.0
1015 silly fetch manifest is-fullwidth-code-point@^5.1.0
1016 silly packumentCache full:https://registry.npmjs.org/is-fullwidth-code-point cache-miss
1017 silly fetch manifest get-east-asian-width@^1.5.0
1018 silly packumentCache full:https://registry.npmjs.org/get-east-asian-width cache-miss
1019 http fetch GET 200 https://registry.npmjs.org/get-east-asian-width 53ms (cache miss)
1020 silly packumentCache full:https://registry.npmjs.org/get-east-asian-width set size:undefined disposed:false
1021 http fetch GET 200 https://registry.npmjs.org/is-fullwidth-code-point 55ms (cache miss)
1022 silly packumentCache full:https://registry.npmjs.org/is-fullwidth-code-point set size:undefined disposed:false
1023 silly placeDep ROOT ansi-escapes@7.3.0 OK for: log-update@6.1.0 want: ^7.0.0
1024 silly placeDep ROOT cli-cursor@5.0.0 OK for: log-update@6.1.0 want: ^5.0.0
1025 silly placeDep node_modules/log-update slice-ansi@7.1.2 OK for: log-update@6.1.0 want: ^7.1.0
1026 silly placeDep ROOT strip-ansi@7.2.0 OK for: log-update@6.1.0 want: ^7.1.0
1027 silly placeDep node_modules/log-update wrap-ansi@9.0.2 OK for: log-update@6.1.0 want: ^9.0.0
1028 silly fetch manifest environment@^1.0.0
1029 silly packumentCache full:https://registry.npmjs.org/environment cache-miss
1030 silly fetch manifest restore-cursor@^5.0.0
1031 silly packumentCache full:https://registry.npmjs.org/restore-cursor cache-miss
1032 silly fetch manifest ansi-styles@^6.2.1
1033 silly packumentCache full:https://registry.npmjs.org/ansi-styles cache-miss
1034 silly fetch manifest is-fullwidth-code-point@^5.0.0
1035 silly packumentCache full:https://registry.npmjs.org/is-fullwidth-code-point cache-miss
1036 silly fetch manifest ansi-regex@^6.2.2
1037 silly packumentCache full:https://registry.npmjs.org/ansi-regex cache-miss
1038 silly fetch manifest ansi-styles@^6.2.1
1039 silly packumentCache full:https://registry.npmjs.org/ansi-styles cache-miss
1040 silly fetch manifest string-width@^7.0.0
1041 silly packumentCache full:https://registry.npmjs.org/string-width cache-hit
1042 http cache https://registry.npmjs.org/is-fullwidth-code-point 15ms (cache hit)
1043 silly packumentCache full:https://registry.npmjs.org/is-fullwidth-code-point set size:14578 disposed:false
1044 http cache https://registry.npmjs.org/ansi-styles 16ms (cache hit)
1045 silly packumentCache full:https://registry.npmjs.org/ansi-styles set size:63233 disposed:false
1046 http cache https://registry.npmjs.org/ansi-styles 20ms (cache hit)
1047 silly packumentCache full:https://registry.npmjs.org/ansi-styles set size:63233 disposed:false
1048 silly packumentCache full:https://registry.npmjs.org/ansi-styles dispose
1049 http fetch GET 200 https://registry.npmjs.org/ansi-regex 62ms (cache miss)
1050 silly packumentCache full:https://registry.npmjs.org/ansi-regex set size:undefined disposed:false
1051 http fetch GET 200 https://registry.npmjs.org/restore-cursor 70ms (cache miss)
1052 silly packumentCache full:https://registry.npmjs.org/restore-cursor set size:undefined disposed:false
1053 http fetch GET 200 https://registry.npmjs.org/environment 96ms (cache miss)
1054 silly packumentCache full:https://registry.npmjs.org/environment set size:undefined disposed:false
1055 silly placeDep ROOT environment@1.1.0 OK for: ansi-escapes@7.3.0 want: ^1.0.0
1056 silly placeDep ROOT restore-cursor@5.1.0 OK for: cli-cursor@5.0.0 want: ^5.0.0
1057 silly fetch manifest onetime@^7.0.0
1058 silly packumentCache full:https://registry.npmjs.org/onetime cache-miss
1059 http fetch GET 200 https://registry.npmjs.org/onetime 127ms (cache miss)
1060 silly packumentCache full:https://registry.npmjs.org/onetime set size:undefined disposed:false
1061 silly placeDep ROOT @jridgewell/sourcemap-codec@1.5.5 OK for: magic-string@0.30.21 want: ^1.5.5
1062 silly placeDep ROOT mime-db@1.54.0 OK for: mime-types@3.0.2 want: ^1.54.0
1063 silly placeDep ROOT hosted-git-info@9.0.3 OK for: npm-package-arg@13.0.2 want: ^9.0.0
1064 silly placeDep ROOT proc-log@6.1.0 OK for: npm-package-arg@13.0.2 want: ^6.0.0
1065 silly placeDep ROOT validate-npm-package-name@7.0.2 OK for: npm-package-arg@13.0.2 want: ^7.0.0
1066 silly fetch manifest lru-cache@^11.1.0
1067 silly packumentCache full:https://registry.npmjs.org/lru-cache cache-miss
1068 http fetch GET 200 https://registry.npmjs.org/lru-cache 103ms (cache miss)
1069 silly packumentCache full:https://registry.npmjs.org/lru-cache set size:undefined disposed:false
1070 silly placeDep ROOT lru-cache@11.5.2 OK for: hosted-git-info@9.0.3 want: ^11.1.0
1071 silly placeDep ROOT ee-first@1.1.1 OK for: on-finished@2.4.1 want: 1.1.1
1072 silly placeDep ROOT wrappy@1.0.2 OK for: once@1.4.0 want: 1
1073 silly placeDep ROOT chalk@5.6.2 OK for: ora@9.4.0 want: ^5.6.2
1074 silly placeDep ROOT cli-spinners@3.4.0 OK for: ora@9.4.0 want: ^3.2.0
1075 silly placeDep ROOT is-interactive@2.0.0 OK for: ora@9.4.0 want: ^2.0.0
1076 silly placeDep ROOT is-unicode-supported@2.1.0 OK for: ora@9.4.0 want: ^2.1.0
1077 silly placeDep ROOT log-symbols@7.0.1 OK for: ora@9.4.0 want: ^7.0.1
1078 silly placeDep ROOT stdin-discarder@0.3.2 OK for: ora@9.4.0 want: ^0.3.2
1079 silly fetch manifest yoctocolors@^2.1.1
1080 silly packumentCache full:https://registry.npmjs.org/yoctocolors cache-miss
1081 http fetch GET 200 https://registry.npmjs.org/yoctocolors 177ms (cache miss)
1082 silly packumentCache full:https://registry.npmjs.org/yoctocolors set size:undefined disposed:false
1083 silly placeDep ROOT yoctocolors@2.1.2 OK for: log-symbols@7.0.1 want: ^2.1.1
1084 silly placeDep ROOT @gar/promise-retry@1.0.3 OK for: pacote@21.5.1 want: ^1.0.0
1085 silly placeDep ROOT @npmcli/git@7.0.2 OK for: pacote@21.5.1 want: ^7.0.0
1086 silly placeDep ROOT @npmcli/installed-package-contents@4.0.0 OK for: pacote@21.5.1 want: ^4.0.0
1087 silly placeDep ROOT @npmcli/package-json@7.0.5 OK for: pacote@21.5.1 want: ^7.0.0
1088 silly placeDep ROOT @npmcli/promise-spawn@9.0.1 OK for: pacote@21.5.1 want: ^9.0.0
1089 silly placeDep ROOT @npmcli/run-script@10.0.4 OK for: pacote@21.5.1 want: ^10.0.0
1090 silly placeDep ROOT cacache@20.0.4 OK for: pacote@21.5.1 want: ^20.0.0
1091 silly placeDep ROOT fs-minipass@3.0.3 OK for: pacote@21.5.1 want: ^3.0.0
1092 silly placeDep ROOT minipass@7.1.3 OK for: pacote@21.5.1 want: ^7.0.2
1093 silly placeDep ROOT npm-packlist@10.0.4 OK for: pacote@21.5.1 want: ^10.0.1
1094 silly placeDep ROOT npm-pick-manifest@11.0.3 OK for: pacote@21.5.1 want: ^11.0.1
1095 silly placeDep ROOT npm-registry-fetch@19.1.1 OK for: pacote@21.5.1 want: ^19.0.0
1096 silly placeDep ROOT sigstore@4.1.1 OK for: pacote@21.5.1 want: ^4.0.0
1097 silly placeDep ROOT ssri@13.0.1 OK for: pacote@21.5.1 want: ^13.0.0
1098 silly placeDep ROOT tar@7.5.19 OK for: pacote@21.5.1 want: ^7.4.3
1099 silly fetch manifest which@^6.0.0
1100 silly packumentCache full:https://registry.npmjs.org/which cache-miss
1101 silly fetch manifest npm-bundled@^5.0.0
1102 silly packumentCache full:https://registry.npmjs.org/npm-bundled cache-miss
1103 silly fetch manifest npm-normalize-package-bin@^5.0.0
1104 silly packumentCache full:https://registry.npmjs.org/npm-normalize-package-bin cache-miss
1105 silly fetch manifest glob@^13.0.0
1106 silly packumentCache full:https://registry.npmjs.org/glob cache-miss
1107 silly fetch manifest spdx-expression-parse@^4.0.0
1108 silly packumentCache full:https://registry.npmjs.org/spdx-expression-parse cache-miss
1109 silly fetch manifest json-parse-even-better-errors@^5.0.0
1110 silly packumentCache full:https://registry.npmjs.org/json-parse-even-better-errors cache-miss
1111 silly fetch manifest which@^6.0.0
1112 silly packumentCache full:https://registry.npmjs.org/which cache-miss
1113 silly fetch manifest node-gyp@^12.1.0
1114 silly packumentCache full:https://registry.npmjs.org/node-gyp cache-miss
1115 silly fetch manifest @npmcli/node-gyp@^5.0.0
1116 silly packumentCache full:https://registry.npmjs.org/@npmcli%2fnode-gyp cache-miss
1117 silly fetch manifest glob@^13.0.0
1118 silly packumentCache full:https://registry.npmjs.org/glob cache-miss
1119 silly fetch manifest p-map@^7.0.2
1120 silly packumentCache full:https://registry.npmjs.org/p-map cache-miss
1121 http cache https://registry.npmjs.org/which 16ms (cache hit)
1122 silly packumentCache full:https://registry.npmjs.org/which set size:70087 disposed:false
1123 silly fetch manifest minipass@^7.0.3
1124 silly packumentCache full:https://registry.npmjs.org/minipass cache-miss
1125 http cache https://registry.npmjs.org/which 17ms (cache hit)
1126 silly packumentCache full:https://registry.npmjs.org/which set size:70087 disposed:false
1127 silly packumentCache full:https://registry.npmjs.org/which dispose
1128 silly fetch manifest @npmcli/fs@^5.0.0
1129 silly packumentCache full:https://registry.npmjs.org/@npmcli%2ffs cache-miss
1130 http cache https://registry.npmjs.org/minipass 10ms (cache hit)
1131 silly packumentCache full:https://registry.npmjs.org/minipass set size:276925 disposed:false
1132 silly fetch manifest minipass-flush@^1.0.5
1133 silly packumentCache full:https://registry.npmjs.org/minipass-flush cache-miss
1134 http fetch GET 200 https://registry.npmjs.org/spdx-expression-parse 173ms (cache miss)
1135 silly packumentCache full:https://registry.npmjs.org/spdx-expression-parse set size:undefined disposed:false
1136 silly fetch manifest minipass-collect@^2.0.1
1137 silly packumentCache full:https://registry.npmjs.org/minipass-collect cache-miss
1138 http fetch GET 200 https://registry.npmjs.org/npm-bundled 178ms (cache miss)
1139 silly packumentCache full:https://registry.npmjs.org/npm-bundled set size:undefined disposed:false
1140 silly fetch manifest minipass-pipeline@^1.2.4
1141 silly packumentCache full:https://registry.npmjs.org/minipass-pipeline cache-miss
1142 http fetch GET 200 https://registry.npmjs.org/npm-normalize-package-bin 181ms (cache miss)
1143 silly packumentCache full:https://registry.npmjs.org/npm-normalize-package-bin set size:undefined disposed:false
1144 silly fetch manifest ignore-walk@^8.0.0
1145 silly packumentCache full:https://registry.npmjs.org/ignore-walk cache-miss
1146 http fetch GET 200 https://registry.npmjs.org/p-map 178ms (cache miss)
1147 silly packumentCache full:https://registry.npmjs.org/p-map set size:undefined disposed:false
1148 silly fetch manifest npm-install-checks@^8.0.0
1149 silly packumentCache full:https://registry.npmjs.org/npm-install-checks cache-miss
1150 http fetch GET 200 https://registry.npmjs.org/minipass-collect 93ms (cache miss)
1151 silly packumentCache full:https://registry.npmjs.org/minipass-collect set size:undefined disposed:false
1152 silly fetch manifest minizlib@^3.0.1
1153 silly packumentCache full:https://registry.npmjs.org/minizlib cache-miss
1154 http fetch GET 200 https://registry.npmjs.org/minipass-pipeline 95ms (cache miss)
1155 silly packumentCache full:https://registry.npmjs.org/minipass-pipeline set size:undefined disposed:false
1156 silly fetch manifest jsonparse@^1.3.1
1157 silly packumentCache full:https://registry.npmjs.org/jsonparse cache-miss
1158 http fetch GET 200 https://registry.npmjs.org/ignore-walk 99ms (cache miss)
1159 silly packumentCache full:https://registry.npmjs.org/ignore-walk set size:undefined disposed:false
1160 silly fetch manifest @npmcli/redact@^4.0.0
1161 silly packumentCache full:https://registry.npmjs.org/@npmcli%2fredact cache-miss
1162 http fetch GET 200 https://registry.npmjs.org/npm-install-checks 108ms (cache miss)
1163 silly packumentCache full:https://registry.npmjs.org/npm-install-checks set size:undefined disposed:false
1164 silly fetch manifest minipass-fetch@^5.0.0
1165 silly packumentCache full:https://registry.npmjs.org/minipass-fetch cache-miss
1166 http fetch GET 200 https://registry.npmjs.org/minipass-fetch 83ms (cache miss)
1167 silly packumentCache full:https://registry.npmjs.org/minipass-fetch set size:undefined disposed:false
1168 silly fetch manifest make-fetch-happen@^15.0.0
1169 silly packumentCache full:https://registry.npmjs.org/make-fetch-happen cache-miss
1170 http fetch GET 200 https://registry.npmjs.org/minizlib 111ms (cache miss)
1171 silly packumentCache full:https://registry.npmjs.org/minizlib set size:undefined disposed:false
1172 silly fetch manifest @sigstore/tuf@^4.0.2
1173 silly packumentCache full:https://registry.npmjs.org/@sigstore%2ftuf cache-miss
1174 http fetch GET 200 https://registry.npmjs.org/jsonparse 106ms (cache miss)
1175 silly packumentCache full:https://registry.npmjs.org/jsonparse set size:undefined disposed:false
1176 silly fetch manifest @sigstore/core@^3.2.1
1177 silly packumentCache full:https://registry.npmjs.org/@sigstore%2fcore cache-miss
1178 http fetch GET 200 https://registry.npmjs.org/@npmcli%2fredact 116ms (cache miss)
1179 silly packumentCache full:https://registry.npmjs.org/@npmcli%2fredact set size:undefined disposed:false
1180 silly fetch manifest @sigstore/sign@^4.1.1
1181 silly packumentCache full:https://registry.npmjs.org/@sigstore%2fsign cache-miss
1182 http fetch GET 200 https://registry.npmjs.org/minipass-flush 385ms (cache miss)
1183 silly packumentCache full:https://registry.npmjs.org/minipass-flush set size:undefined disposed:false
1184 silly fetch manifest @sigstore/bundle@^4.0.0
1185 silly packumentCache full:https://registry.npmjs.org/@sigstore%2fbundle cache-miss
1186 http fetch GET 200 https://registry.npmjs.org/make-fetch-happen 75ms (cache miss)
1187 silly packumentCache full:https://registry.npmjs.org/make-fetch-happen set size:undefined disposed:false
1188 silly fetch manifest @sigstore/verify@^3.1.1
1189 silly packumentCache full:https://registry.npmjs.org/@sigstore%2fverify cache-miss
1190 http fetch GET 200 https://registry.npmjs.org/@sigstore%2ftuf 85ms (cache miss)
1191 silly packumentCache full:https://registry.npmjs.org/@sigstore%2ftuf set size:undefined disposed:false
1192 silly fetch manifest @sigstore/protobuf-specs@^0.5.0
1193 silly packumentCache full:https://registry.npmjs.org/@sigstore%2fprotobuf-specs cache-miss
1194 http fetch GET 200 https://registry.npmjs.org/@npmcli%2ffs 493ms (cache miss)
1195 silly packumentCache full:https://registry.npmjs.org/@npmcli%2ffs set size:undefined disposed:false
1196 silly fetch manifest @isaacs/fs-minipass@^4.0.0
1197 silly packumentCache full:https://registry.npmjs.org/@isaacs%2ffs-minipass cache-miss
1198 http fetch GET 200 https://registry.npmjs.org/@sigstore%2fcore 152ms (cache miss)
1199 silly packumentCache full:https://registry.npmjs.org/@sigstore%2fcore set size:undefined disposed:false
1200 silly fetch manifest chownr@^3.0.0
1201 silly packumentCache full:https://registry.npmjs.org/chownr cache-miss
1202 http fetch GET 200 https://registry.npmjs.org/@sigstore%2fverify 85ms (cache miss)
1203 silly packumentCache full:https://registry.npmjs.org/@sigstore%2fverify set size:undefined disposed:false
1204 silly fetch manifest minizlib@^3.1.0
1205 silly packumentCache full:https://registry.npmjs.org/minizlib cache-miss
1206 http cache https://registry.npmjs.org/minizlib 7ms (cache hit)
1207 silly packumentCache full:https://registry.npmjs.org/minizlib set size:62862 disposed:false
1208 silly fetch manifest yallist@^5.0.0
1209 silly packumentCache full:https://registry.npmjs.org/yallist cache-miss
1210 http fetch GET 200 https://registry.npmjs.org/@sigstore%2fsign 158ms (cache miss)
1211 silly packumentCache full:https://registry.npmjs.org/@sigstore%2fsign set size:undefined disposed:false
1212 http fetch GET 200 https://registry.npmjs.org/@sigstore%2fprotobuf-specs 106ms (cache miss)
1213 silly packumentCache full:https://registry.npmjs.org/@sigstore%2fprotobuf-specs set size:undefined disposed:false
1214 http fetch GET 200 https://registry.npmjs.org/@npmcli%2fnode-gyp 583ms (cache miss)
1215 silly packumentCache full:https://registry.npmjs.org/@npmcli%2fnode-gyp set size:undefined disposed:false
1216 http fetch GET 200 https://registry.npmjs.org/glob 594ms (cache miss)
1217 silly packumentCache full:https://registry.npmjs.org/glob set size:undefined disposed:false
1218 http fetch GET 200 https://registry.npmjs.org/chownr 71ms (cache miss)
1219 silly packumentCache full:https://registry.npmjs.org/chownr set size:undefined disposed:false
1220 http fetch GET 200 https://registry.npmjs.org/yallist 60ms (cache miss)
1221 silly packumentCache full:https://registry.npmjs.org/yallist set size:undefined disposed:false
1222 http fetch GET 200 https://registry.npmjs.org/node-gyp 618ms (cache miss)
1223 silly packumentCache full:https://registry.npmjs.org/node-gyp set size:undefined disposed:false
1224 http fetch GET 200 https://registry.npmjs.org/glob 624ms (cache miss)
1225 silly packumentCache full:https://registry.npmjs.org/glob set size:undefined disposed:false
1226 http fetch GET 200 https://registry.npmjs.org/@isaacs%2ffs-minipass 136ms (cache miss)
1227 silly packumentCache full:https://registry.npmjs.org/@isaacs%2ffs-minipass set size:undefined disposed:false
1228 http fetch GET 200 https://registry.npmjs.org/@sigstore%2fbundle 348ms (cache miss)
1229 silly packumentCache full:https://registry.npmjs.org/@sigstore%2fbundle set size:undefined disposed:false
1230 http fetch GET 200 https://registry.npmjs.org/json-parse-even-better-errors 1248ms (cache miss)
1231 silly packumentCache full:https://registry.npmjs.org/json-parse-even-better-errors set size:undefined disposed:false
1232 silly placeDep node_modules/@npmcli/git which@6.0.1 OK for: @npmcli/git@7.0.2 want: ^6.0.0
1233 silly fetch manifest isexe@^4.0.0
1234 silly packumentCache full:https://registry.npmjs.org/isexe cache-miss
1235 http cache https://registry.npmjs.org/isexe 6ms (cache hit)
1236 silly packumentCache full:https://registry.npmjs.org/isexe set size:31756 disposed:false
1237 silly placeDep ROOT npm-bundled@5.0.0 OK for: @npmcli/installed-package-contents@4.0.0 want: ^5.0.0
1238 silly placeDep ROOT npm-normalize-package-bin@5.0.0 OK for: @npmcli/installed-package-contents@4.0.0 want: ^5.0.0
1239 silly placeDep ROOT glob@13.0.6 OK for: @npmcli/package-json@7.0.5 want: ^13.0.0
1240 silly placeDep ROOT json-parse-even-better-errors@5.0.0 OK for: @npmcli/package-json@7.0.5 want: ^5.0.0
1241 silly placeDep ROOT spdx-expression-parse@4.0.0 OK for: @npmcli/package-json@7.0.5 want: ^4.0.0
1242 silly fetch manifest minimatch@^10.2.2
1243 silly packumentCache full:https://registry.npmjs.org/minimatch cache-miss
1244 silly fetch manifest path-scurry@^2.0.2
1245 silly packumentCache full:https://registry.npmjs.org/path-scurry cache-miss
1246 silly fetch manifest spdx-exceptions@^2.1.0
1247 silly packumentCache full:https://registry.npmjs.org/spdx-exceptions cache-miss
1248 silly fetch manifest spdx-license-ids@^3.0.0
1249 silly packumentCache full:https://registry.npmjs.org/spdx-license-ids cache-miss
1250 http fetch GET 200 https://registry.npmjs.org/path-scurry 76ms (cache miss)
1251 silly packumentCache full:https://registry.npmjs.org/path-scurry set size:undefined disposed:false
1252 http fetch GET 200 https://registry.npmjs.org/spdx-exceptions 232ms (cache miss)
1253 silly packumentCache full:https://registry.npmjs.org/spdx-exceptions set size:undefined disposed:false
1254 http fetch GET 200 https://registry.npmjs.org/spdx-license-ids 384ms (cache miss)
1255 silly packumentCache full:https://registry.npmjs.org/spdx-license-ids set size:undefined disposed:false
1256 http fetch GET 200 https://registry.npmjs.org/minimatch 939ms (cache miss)
1257 silly packumentCache full:https://registry.npmjs.org/minimatch set size:undefined disposed:false
1258 silly placeDep node_modules/@npmcli/promise-spawn which@6.0.1 OK for: @npmcli/promise-spawn@9.0.1 want: ^6.0.0
1259 silly placeDep ROOT @npmcli/node-gyp@5.0.0 OK for: @npmcli/run-script@10.0.4 want: ^5.0.0
1260 silly placeDep ROOT node-gyp@12.4.0 OK for: @npmcli/run-script@10.0.4 want: ^12.1.0
1261 silly fetch manifest nopt@^9.0.0
1262 silly packumentCache full:https://registry.npmjs.org/nopt cache-miss
1263 silly fetch manifest undici@^6.25.0
1264 silly packumentCache full:https://registry.npmjs.org/undici cache-miss
1265 silly fetch manifest env-paths@^2.2.0
1266 silly packumentCache full:https://registry.npmjs.org/env-paths cache-miss
1267 silly fetch manifest tinyglobby@^0.2.12
1268 silly packumentCache full:https://registry.npmjs.org/tinyglobby cache-miss
1269 silly fetch manifest graceful-fs@^4.2.6
1270 silly packumentCache full:https://registry.npmjs.org/graceful-fs cache-miss
1271 silly fetch manifest exponential-backoff@^3.1.1
1272 silly packumentCache full:https://registry.npmjs.org/exponential-backoff cache-miss
1273 http fetch GET 200 https://registry.npmjs.org/tinyglobby 57ms (cache miss)
1274 silly packumentCache full:https://registry.npmjs.org/tinyglobby set size:undefined disposed:false
1275 http fetch GET 200 https://registry.npmjs.org/env-paths 71ms (cache miss)
1276 silly packumentCache full:https://registry.npmjs.org/env-paths set size:undefined disposed:false
1277 http fetch GET 200 https://registry.npmjs.org/nopt 82ms (cache miss)
1278 silly packumentCache full:https://registry.npmjs.org/nopt set size:undefined disposed:false
1279 http fetch GET 200 https://registry.npmjs.org/undici 138ms (cache miss)
1280 silly packumentCache full:https://registry.npmjs.org/undici set size:undefined disposed:false
1281 http fetch GET 200 https://registry.npmjs.org/graceful-fs 343ms (cache miss)
1282 silly packumentCache full:https://registry.npmjs.org/graceful-fs set size:undefined disposed:false
1283 http fetch GET 200 https://registry.npmjs.org/exponential-backoff 446ms (cache miss)
1284 silly packumentCache full:https://registry.npmjs.org/exponential-backoff set size:undefined disposed:false
1285 silly placeDep ROOT @npmcli/fs@5.0.0 OK for: cacache@20.0.4 want: ^5.0.0
1286 silly placeDep ROOT minipass-collect@2.0.1 OK for: cacache@20.0.4 want: ^2.0.1
1287 silly placeDep ROOT minipass-flush@1.0.7 OK for: cacache@20.0.4 want: ^1.0.5
1288 silly placeDep ROOT minipass-pipeline@1.2.4 OK for: cacache@20.0.4 want: ^1.2.4
1289 silly placeDep ROOT p-map@7.0.5 OK for: cacache@20.0.4 want: ^7.0.2
1290 silly fetch manifest minipass@^3.0.0
1291 silly packumentCache full:https://registry.npmjs.org/minipass cache-hit
1292 silly fetch manifest minipass@^3.0.0
1293 silly packumentCache full:https://registry.npmjs.org/minipass cache-hit
1294 silly placeDep ROOT minimatch@10.2.5 OK for: glob@13.0.6 want: ^10.2.2
1295 silly placeDep ROOT path-scurry@2.0.2 OK for: glob@13.0.6 want: ^2.0.2
1296 silly fetch manifest brace-expansion@^5.0.5
1297 silly packumentCache full:https://registry.npmjs.org/brace-expansion cache-miss
1298 http fetch GET 200 https://registry.npmjs.org/brace-expansion 825ms (cache miss)
1299 silly packumentCache full:https://registry.npmjs.org/brace-expansion set size:undefined disposed:false
1300 silly placeDep ROOT brace-expansion@5.0.7 OK for: minimatch@10.2.5 want: ^5.0.5
1301 silly fetch manifest balanced-match@^4.0.2
1302 silly packumentCache full:https://registry.npmjs.org/balanced-match cache-miss
1303 http fetch GET 200 https://registry.npmjs.org/balanced-match 134ms (cache miss)
1304 silly packumentCache full:https://registry.npmjs.org/balanced-match set size:undefined disposed:false
1305 silly placeDep ROOT balanced-match@4.0.4 OK for: brace-expansion@5.0.7 want: ^4.0.2
1306 silly placeDep node_modules/minipass-flush minipass@3.3.6 OK for: minipass-flush@1.0.7 want: ^3.0.0
1307 silly fetch manifest yallist@^4.0.0
1308 silly packumentCache full:https://registry.npmjs.org/yallist cache-miss
1309 http cache https://registry.npmjs.org/yallist 7ms (cache hit)
1310 silly packumentCache full:https://registry.npmjs.org/yallist set size:34610 disposed:false
1311 silly placeDep node_modules/minipass-pipeline minipass@3.3.6 OK for: minipass-pipeline@1.2.4 want: ^3.0.0
1312 silly placeDep ROOT env-paths@2.2.1 OK for: node-gyp@12.4.0 want: ^2.2.0
1313 silly placeDep ROOT exponential-backoff@3.1.3 OK for: node-gyp@12.4.0 want: ^3.1.1
1314 silly placeDep ROOT graceful-fs@4.2.11 OK for: node-gyp@12.4.0 want: ^4.2.6
1315 silly placeDep ROOT nopt@9.0.0 OK for: node-gyp@12.4.0 want: ^9.0.0
1316 silly placeDep ROOT tinyglobby@0.2.17 OK for: node-gyp@12.4.0 want: ^0.2.12
1317 silly placeDep ROOT undici@6.27.0 OK for: node-gyp@12.4.0 want: ^6.25.0
1318 silly placeDep node_modules/node-gyp which@6.0.1 OK for: node-gyp@12.4.0 want: ^6.0.0
1319 silly fetch manifest abbrev@^4.0.0
1320 silly packumentCache full:https://registry.npmjs.org/abbrev cache-miss
1321 silly fetch manifest fdir@^6.5.0
1322 silly packumentCache full:https://registry.npmjs.org/fdir cache-miss
1323 http fetch GET 200 https://registry.npmjs.org/abbrev 180ms (cache miss)
1324 silly packumentCache full:https://registry.npmjs.org/abbrev set size:undefined disposed:false
1325 http fetch GET 200 https://registry.npmjs.org/fdir 181ms (cache miss)
1326 silly packumentCache full:https://registry.npmjs.org/fdir set size:undefined disposed:false
1327 silly placeDep ROOT abbrev@4.0.0 OK for: nopt@9.0.0 want: ^4.0.0
1328 silly placeDep ROOT ignore-walk@8.0.0 OK for: npm-packlist@10.0.4 want: ^8.0.0
1329 silly placeDep ROOT npm-install-checks@8.0.0 OK for: npm-pick-manifest@11.0.3 want: ^8.0.0
1330 silly placeDep ROOT @npmcli/redact@4.0.0 OK for: npm-registry-fetch@19.1.1 want: ^4.0.0
1331 silly placeDep ROOT jsonparse@1.3.1 OK for: npm-registry-fetch@19.1.1 want: ^1.3.1
1332 silly placeDep ROOT make-fetch-happen@15.0.6 OK for: npm-registry-fetch@19.1.1 want: ^15.0.0
1333 silly placeDep ROOT minipass-fetch@5.0.2 OK for: npm-registry-fetch@19.1.1 want: ^5.0.0
1334 silly placeDep ROOT minizlib@3.1.0 OK for: npm-registry-fetch@19.1.1 want: ^3.0.1
1335 silly fetch manifest @npmcli/agent@^4.0.0
1336 silly packumentCache full:https://registry.npmjs.org/@npmcli%2fagent cache-miss
1337 silly fetch manifest http-cache-semantics@^4.1.1
1338 silly packumentCache full:https://registry.npmjs.org/http-cache-semantics cache-miss
1339 silly fetch manifest minipass-sized@^2.0.0
1340 silly packumentCache full:https://registry.npmjs.org/minipass-sized cache-miss
1341 http fetch GET 200 https://registry.npmjs.org/http-cache-semantics 56ms (cache miss)
1342 silly packumentCache full:https://registry.npmjs.org/http-cache-semantics set size:undefined disposed:false
1343 http fetch GET 200 https://registry.npmjs.org/minipass-sized 73ms (cache miss)
1344 silly packumentCache full:https://registry.npmjs.org/minipass-sized set size:undefined disposed:false
1345 http fetch GET 200 https://registry.npmjs.org/@npmcli%2fagent 280ms (cache miss)
1346 silly packumentCache full:https://registry.npmjs.org/@npmcli%2fagent set size:undefined disposed:false
1347 silly placeDep ROOT @npmcli/agent@4.0.2 OK for: make-fetch-happen@15.0.6 want: ^4.0.0
1348 silly placeDep ROOT http-cache-semantics@4.2.0 OK for: make-fetch-happen@15.0.6 want: ^4.1.1
1349 silly fetch manifest agent-base@^7.1.0
1350 silly packumentCache full:https://registry.npmjs.org/agent-base cache-miss
1351 silly fetch manifest http-proxy-agent@^7.0.0
1352 silly packumentCache full:https://registry.npmjs.org/http-proxy-agent cache-miss
1353 silly fetch manifest https-proxy-agent@^7.0.1
1354 silly packumentCache full:https://registry.npmjs.org/https-proxy-agent cache-miss
1355 silly fetch manifest socks-proxy-agent@^8.0.3
1356 silly packumentCache full:https://registry.npmjs.org/socks-proxy-agent cache-miss
1357 http fetch GET 200 https://registry.npmjs.org/http-proxy-agent 93ms (cache miss)
1358 silly packumentCache full:https://registry.npmjs.org/http-proxy-agent set size:undefined disposed:false
1359 http fetch GET 200 https://registry.npmjs.org/agent-base 94ms (cache miss)
1360 silly packumentCache full:https://registry.npmjs.org/agent-base set size:undefined disposed:false
1361 http fetch GET 200 https://registry.npmjs.org/https-proxy-agent 207ms (cache miss)
1362 silly packumentCache full:https://registry.npmjs.org/https-proxy-agent set size:undefined disposed:false
1363 http fetch GET 200 https://registry.npmjs.org/socks-proxy-agent 419ms (cache miss)
1364 silly packumentCache full:https://registry.npmjs.org/socks-proxy-agent set size:undefined disposed:false
1365 silly placeDep ROOT agent-base@7.1.4 OK for: @npmcli/agent@4.0.2 want: ^7.1.0
1366 silly placeDep ROOT http-proxy-agent@7.0.2 OK for: @npmcli/agent@4.0.2 want: ^7.0.0
1367 silly placeDep ROOT https-proxy-agent@7.0.6 OK for: @npmcli/agent@4.0.2 want: ^7.0.1
1368 silly placeDep ROOT socks-proxy-agent@8.0.5 OK for: @npmcli/agent@4.0.2 want: ^8.0.3
1369 silly fetch manifest socks@^2.8.3
1370 silly packumentCache full:https://registry.npmjs.org/socks cache-miss
1371 http fetch GET 200 https://registry.npmjs.org/socks 1206ms (cache miss)
1372 silly packumentCache full:https://registry.npmjs.org/socks set size:undefined disposed:false
1373 silly placeDep ROOT minipass-sized@2.0.0 OK for: minipass-fetch@5.0.2 want: ^2.0.0
1374 silly placeDep ROOT entities@8.0.0 OK for: parse5-html-rewriting-stream@8.0.1 want: ^8.0.0
1375 silly placeDep ROOT parse5@8.0.1 OK for: parse5-html-rewriting-stream@8.0.1 want: ^8.0.0
1376 silly placeDep ROOT parse5-sax-parser@8.0.0 OK for: parse5-html-rewriting-stream@8.0.1 want: ^8.0.0
1377 silly placeDep ROOT forwarded@0.2.0 OK for: proxy-addr@2.0.7 want: 0.2.0
1378 silly placeDep ROOT ipaddr.js@1.9.1 OK for: proxy-addr@2.0.7 want: 1.9.1
1379 silly placeDep ROOT es-define-property@1.0.1 OK for: qs@6.15.3 want: ^1.0.1
1380 silly placeDep ROOT side-channel@1.1.1 OK for: qs@6.15.3 want: ^1.1.1
1381 silly fetch manifest es-errors@^1.3.0
1382 silly packumentCache full:https://registry.npmjs.org/es-errors cache-miss
1383 silly fetch manifest object-inspect@^1.13.4
1384 silly packumentCache full:https://registry.npmjs.org/object-inspect cache-miss
1385 silly fetch manifest side-channel-list@^1.0.1
1386 silly packumentCache full:https://registry.npmjs.org/side-channel-list cache-miss
1387 silly fetch manifest side-channel-map@^1.0.1
1388 silly packumentCache full:https://registry.npmjs.org/side-channel-map cache-miss
1389 silly fetch manifest side-channel-weakmap@^1.0.2
1390 silly packumentCache full:https://registry.npmjs.org/side-channel-weakmap cache-miss
1391 http fetch GET 200 https://registry.npmjs.org/side-channel-map 51ms (cache miss)
1392 silly packumentCache full:https://registry.npmjs.org/side-channel-map set size:undefined disposed:false
1393 http fetch GET 200 https://registry.npmjs.org/es-errors 56ms (cache miss)
1394 silly packumentCache full:https://registry.npmjs.org/es-errors set size:undefined disposed:false
1395 http fetch GET 200 https://registry.npmjs.org/side-channel-weakmap 64ms (cache miss)
1396 silly packumentCache full:https://registry.npmjs.org/side-channel-weakmap set size:undefined disposed:false
1397 http fetch GET 200 https://registry.npmjs.org/side-channel-list 97ms (cache miss)
1398 silly packumentCache full:https://registry.npmjs.org/side-channel-list set size:undefined disposed:false
1399 http fetch GET 200 https://registry.npmjs.org/object-inspect 112ms (cache miss)
1400 silly packumentCache full:https://registry.npmjs.org/object-inspect set size:undefined disposed:false
1401 silly placeDep ROOT unpipe@1.0.0 OK for: raw-body@3.0.2 want: ~1.0.0
1402 silly placeDep ROOT onetime@7.0.0 OK for: restore-cursor@5.1.0 want: ^7.0.0
1403 silly fetch manifest mimic-function@^5.0.0
1404 silly packumentCache full:https://registry.npmjs.org/mimic-function cache-miss
1405 http fetch GET 200 https://registry.npmjs.org/mimic-function 155ms (cache miss)
1406 silly packumentCache full:https://registry.npmjs.org/mimic-function set size:undefined disposed:false
1407 silly placeDep ROOT mimic-function@5.0.1 OK for: onetime@7.0.0 want: ^5.0.0
1408 silly placeDep ROOT is-promise@4.0.0 OK for: router@2.2.0 want: ^4.0.0
1409 silly placeDep ROOT path-to-regexp@8.4.2 OK for: router@2.2.0 want: ^8.0.0
1410 silly placeDep ROOT tslib@2.8.1 OK for: rxjs@7.8.2 want: ^2.1.0
1411 silly placeDep ROOT shebang-regex@3.0.0 OK for: shebang-command@2.0.0 want: ^3.0.0
1412 silly placeDep ROOT es-errors@1.3.0 OK for: side-channel@1.1.1 want: ^1.3.0
1413 silly placeDep ROOT object-inspect@1.13.4 OK for: side-channel@1.1.1 want: ^1.13.4
1414 silly placeDep ROOT side-channel-list@1.0.1 OK for: side-channel@1.1.1 want: ^1.0.1
1415 silly placeDep ROOT side-channel-map@1.0.1 OK for: side-channel@1.1.1 want: ^1.0.1
1416 silly placeDep ROOT side-channel-weakmap@1.0.2 OK for: side-channel@1.1.1 want: ^1.0.2
1417 silly fetch manifest call-bound@^1.0.2
1418 silly packumentCache full:https://registry.npmjs.org/call-bound cache-miss
1419 silly fetch manifest get-intrinsic@^1.2.5
1420 silly packumentCache full:https://registry.npmjs.org/get-intrinsic cache-miss
1421 silly fetch manifest call-bound@^1.0.2
1422 silly packumentCache full:https://registry.npmjs.org/call-bound cache-miss
1423 silly fetch manifest get-intrinsic@^1.2.5
1424 silly packumentCache full:https://registry.npmjs.org/get-intrinsic cache-miss
1425 http fetch GET 200 https://registry.npmjs.org/call-bound 45ms (cache miss)
1426 silly packumentCache full:https://registry.npmjs.org/call-bound set size:undefined disposed:false
1427 http fetch GET 200 https://registry.npmjs.org/get-intrinsic 61ms (cache miss)
1428 silly packumentCache full:https://registry.npmjs.org/get-intrinsic set size:undefined disposed:false
1429 http fetch GET 200 https://registry.npmjs.org/call-bound 64ms (cache miss)
1430 silly packumentCache full:https://registry.npmjs.org/call-bound set size:undefined disposed:false
1431 http fetch GET 200 https://registry.npmjs.org/get-intrinsic 270ms (cache miss)
1432 silly packumentCache full:https://registry.npmjs.org/get-intrinsic set size:undefined disposed:false
1433 silly placeDep ROOT call-bound@1.0.4 OK for: side-channel-map@1.0.1 want: ^1.0.2
1434 silly placeDep ROOT get-intrinsic@1.3.0 OK for: side-channel-map@1.0.1 want: ^1.2.5
1435 silly fetch manifest call-bind-apply-helpers@^1.0.2
1436 silly packumentCache full:https://registry.npmjs.org/call-bind-apply-helpers cache-miss
1437 silly fetch manifest get-intrinsic@^1.3.0
1438 silly packumentCache full:https://registry.npmjs.org/get-intrinsic cache-miss
1439 silly fetch manifest gopd@^1.2.0
1440 silly packumentCache full:https://registry.npmjs.org/gopd cache-miss
1441 silly fetch manifest hasown@^2.0.2
1442 silly packumentCache full:https://registry.npmjs.org/hasown cache-miss
1443 silly fetch manifest get-proto@^1.0.1
1444 silly packumentCache full:https://registry.npmjs.org/get-proto cache-miss
1445 silly fetch manifest has-symbols@^1.1.0
1446 silly packumentCache full:https://registry.npmjs.org/has-symbols cache-miss
1447 silly fetch manifest function-bind@^1.1.2
1448 silly packumentCache full:https://registry.npmjs.org/function-bind cache-miss
1449 silly fetch manifest es-object-atoms@^1.1.1
1450 silly packumentCache full:https://registry.npmjs.org/es-object-atoms cache-miss
1451 silly fetch manifest math-intrinsics@^1.1.0
1452 silly packumentCache full:https://registry.npmjs.org/math-intrinsics cache-miss
1453 silly fetch manifest call-bind-apply-helpers@^1.0.2
1454 silly packumentCache full:https://registry.npmjs.org/call-bind-apply-helpers cache-miss
1455 http cache https://registry.npmjs.org/get-intrinsic 15ms (cache hit)
1456 silly packumentCache full:https://registry.npmjs.org/get-intrinsic set size:60985 disposed:false
1457 http fetch GET 200 https://registry.npmjs.org/gopd 70ms (cache miss)
1458 silly packumentCache full:https://registry.npmjs.org/gopd set size:undefined disposed:false
1459 http fetch GET 200 https://registry.npmjs.org/get-proto 75ms (cache miss)
1460 silly packumentCache full:https://registry.npmjs.org/get-proto set size:undefined disposed:false
1461 http fetch GET 200 https://registry.npmjs.org/math-intrinsics 75ms (cache miss)
1462 silly packumentCache full:https://registry.npmjs.org/math-intrinsics set size:undefined disposed:false
1463 http fetch GET 200 https://registry.npmjs.org/function-bind 77ms (cache miss)
1464 silly packumentCache full:https://registry.npmjs.org/function-bind set size:undefined disposed:false
1465 http fetch GET 200 https://registry.npmjs.org/hasown 79ms (cache miss)
1466 silly packumentCache full:https://registry.npmjs.org/hasown set size:undefined disposed:false
1467 http fetch GET 200 https://registry.npmjs.org/call-bind-apply-helpers 82ms (cache miss)
1468 silly packumentCache full:https://registry.npmjs.org/call-bind-apply-helpers set size:undefined disposed:false
1469 http fetch GET 200 https://registry.npmjs.org/has-symbols 123ms (cache miss)
1470 silly packumentCache full:https://registry.npmjs.org/has-symbols set size:undefined disposed:false
1471 http fetch GET 200 https://registry.npmjs.org/call-bind-apply-helpers 133ms (cache miss)
1472 silly packumentCache full:https://registry.npmjs.org/call-bind-apply-helpers set size:undefined disposed:false
1473 http fetch GET 200 https://registry.npmjs.org/es-object-atoms 133ms (cache miss)
1474 silly packumentCache full:https://registry.npmjs.org/es-object-atoms set size:undefined disposed:false
1475 silly placeDep ROOT call-bind-apply-helpers@1.0.2 OK for: call-bound@1.0.4 want: ^1.0.2
1476 silly placeDep ROOT function-bind@1.1.2 OK for: call-bind-apply-helpers@1.0.2 want: ^1.1.2
1477 silly placeDep ROOT es-object-atoms@1.1.2 OK for: get-intrinsic@1.3.0 want: ^1.1.1
1478 silly placeDep ROOT get-proto@1.0.1 OK for: get-intrinsic@1.3.0 want: ^1.0.1
1479 silly placeDep ROOT gopd@1.2.0 OK for: get-intrinsic@1.3.0 want: ^1.2.0
1480 silly placeDep ROOT has-symbols@1.1.0 OK for: get-intrinsic@1.3.0 want: ^1.1.0
1481 silly placeDep ROOT hasown@2.0.4 OK for: get-intrinsic@1.3.0 want: ^2.0.2
1482 silly placeDep ROOT math-intrinsics@1.1.0 OK for: get-intrinsic@1.3.0 want: ^1.1.0
1483 silly fetch manifest dunder-proto@^1.0.1
1484 silly packumentCache full:https://registry.npmjs.org/dunder-proto cache-miss
1485 http fetch GET 200 https://registry.npmjs.org/dunder-proto 179ms (cache miss)
1486 silly packumentCache full:https://registry.npmjs.org/dunder-proto set size:undefined disposed:false
1487 silly placeDep ROOT dunder-proto@1.0.1 OK for: get-proto@1.0.1 want: ^1.0.1
1488 silly placeDep ROOT @sigstore/bundle@4.0.0 OK for: sigstore@4.1.1 want: ^4.0.0
1489 silly placeDep ROOT @sigstore/core@3.2.1 OK for: sigstore@4.1.1 want: ^3.2.1
1490 silly placeDep ROOT @sigstore/protobuf-specs@0.5.1 OK for: sigstore@4.1.1 want: ^0.5.0
1491 silly placeDep ROOT @sigstore/sign@4.1.1 OK for: sigstore@4.1.1 want: ^4.1.1
1492 silly placeDep ROOT @sigstore/tuf@4.0.2 OK for: sigstore@4.1.1 want: ^4.0.2
1493 silly placeDep ROOT @sigstore/verify@3.1.1 OK for: sigstore@4.1.1 want: ^3.1.1
1494 silly fetch manifest tuf-js@^4.1.0
1495 silly packumentCache full:https://registry.npmjs.org/tuf-js cache-miss
1496 http fetch GET 200 https://registry.npmjs.org/tuf-js 345ms (cache miss)
1497 silly packumentCache full:https://registry.npmjs.org/tuf-js set size:undefined disposed:false
1498 silly placeDep ROOT tuf-js@4.1.0 OK for: @sigstore/tuf@4.0.2 want: ^4.1.0
1499 silly fetch manifest @tufjs/models@4.1.0
1500 silly packumentCache full:https://registry.npmjs.org/@tufjs%2fmodels cache-miss
1501 http fetch GET 200 https://registry.npmjs.org/@tufjs%2fmodels 148ms (cache miss)
1502 silly packumentCache full:https://registry.npmjs.org/@tufjs%2fmodels set size:undefined disposed:false
1503 silly placeDep ROOT ansi-styles@6.2.3 OK for: slice-ansi@8.0.0 want: ^6.2.3
1504 silly placeDep ROOT is-fullwidth-code-point@5.1.0 OK for: slice-ansi@8.0.0 want: ^5.1.0
1505 silly fetch manifest get-east-asian-width@^1.3.1
1506 silly packumentCache full:https://registry.npmjs.org/get-east-asian-width cache-miss
1507 http cache https://registry.npmjs.org/get-east-asian-width 7ms (cache hit)
1508 silly packumentCache full:https://registry.npmjs.org/get-east-asian-width set size:20538 disposed:false
1509 silly placeDep ROOT get-east-asian-width@1.6.0 OK for: is-fullwidth-code-point@5.1.0 want: ^1.3.1
1510 silly placeDep ROOT socks@2.8.9 OK for: socks-proxy-agent@8.0.5 want: ^2.8.3
1511 silly fetch manifest smart-buffer@^4.2.0
1512 silly packumentCache full:https://registry.npmjs.org/smart-buffer cache-miss
1513 http fetch GET 200 https://registry.npmjs.org/smart-buffer 73ms (cache miss)
1514 silly packumentCache full:https://registry.npmjs.org/smart-buffer set size:undefined disposed:false
1515 silly placeDep ROOT smart-buffer@4.2.0 OK for: socks@2.8.9 want: ^4.2.0
1516 silly placeDep ROOT spdx-exceptions@2.5.0 OK for: spdx-expression-parse@4.0.0 want: ^2.1.0
1517 silly placeDep ROOT spdx-license-ids@3.0.23 OK for: spdx-expression-parse@4.0.0 want: ^3.0.0
1518 silly placeDep ROOT ansi-regex@6.2.2 OK for: strip-ansi@7.2.0 want: ^6.2.2
1519 silly placeDep ROOT @isaacs/fs-minipass@4.0.1 OK for: tar@7.5.19 want: ^4.0.0
1520 silly placeDep ROOT chownr@3.0.0 OK for: tar@7.5.19 want: ^3.0.0
1521 silly placeDep ROOT yallist@5.0.0 OK for: tar@7.5.19 want: ^5.0.0
1522 silly fetch manifest picomatch@^4.0.4
1523 silly packumentCache full:https://registry.npmjs.org/picomatch cache-miss
1524 http cache https://registry.npmjs.org/picomatch 6ms (cache hit)
1525 silly packumentCache full:https://registry.npmjs.org/picomatch set size:128942 disposed:false
1526 silly placeDep ROOT fdir@6.5.0 OK for: tinyglobby@0.2.17 want: ^6.5.0
1527 silly placeDep ROOT @tufjs/models@4.1.0 OK for: tuf-js@4.1.0 want: 4.1.0
1528 silly fetch manifest @tufjs/canonical-json@2.0.0
1529 silly packumentCache full:https://registry.npmjs.org/@tufjs%2fcanonical-json cache-miss
1530 http fetch GET 200 https://registry.npmjs.org/@tufjs%2fcanonical-json 195ms (cache miss)
1531 silly packumentCache full:https://registry.npmjs.org/@tufjs%2fcanonical-json set size:undefined disposed:false
1532 silly placeDep ROOT @tufjs/canonical-json@2.0.0 OK for: @tufjs/models@4.1.0 want: 2.0.0
1533 silly placeDep node_modules/type-is content-type@2.0.0 OK for: type-is@2.1.0 want: ^2.0.0
1534 silly placeDep ROOT media-typer@1.1.0 OK for: type-is@2.1.0 want: ^1.1.0
1535 silly placeDep ROOT isexe@2.0.0 OK for: which@2.0.2 want: ^2.0.0
1536 silly placeDep ROOT cliui@9.0.1 OK for: yargs@18.0.0 want: ^9.0.1
1537 silly placeDep ROOT escalade@3.2.0 OK for: yargs@18.0.0 want: ^3.1.1
1538 silly placeDep ROOT get-caller-file@2.0.5 OK for: yargs@18.0.0 want: ^2.0.5
1539 silly placeDep node_modules/yargs string-width@7.2.0 OK for: yargs@18.0.0 want: ^7.2.0
1540 silly placeDep ROOT y18n@5.0.8 OK for: yargs@18.0.0 want: ^5.0.5
1541 silly placeDep ROOT yargs-parser@22.0.0 OK for: yargs@18.0.0 want: ^22.0.0
1542 silly fetch manifest emoji-regex@^10.3.0
1543 silly packumentCache full:https://registry.npmjs.org/emoji-regex cache-miss
1544 http fetch GET 200 https://registry.npmjs.org/emoji-regex 75ms (cache miss)
1545 silly packumentCache full:https://registry.npmjs.org/emoji-regex set size:undefined disposed:false
1546 silly placeDep node_modules/cliui string-width@7.2.0 OK for: cliui@9.0.1 want: ^7.2.0
1547 silly placeDep node_modules/cliui wrap-ansi@9.0.2 OK for: cliui@9.0.1 want: ^9.0.0
1548 silly placeDep node_modules/@npmcli/git isexe@4.0.0 OK for: which@6.0.1 want: ^4.0.0
1549 silly placeDep node_modules/@npmcli/promise-spawn isexe@4.0.0 OK for: which@6.0.1 want: ^4.0.0
1550 silly placeDep ROOT emoji-regex@10.6.0 OK for: string-width@7.2.0 want: ^10.3.0
1551 silly placeDep node_modules/log-update string-width@7.2.0 OK for: wrap-ansi@9.0.2 want: ^7.0.0
1552 silly placeDep node_modules/minipass-flush yallist@4.0.0 OK for: minipass@3.3.6 want: ^4.0.0
1553 silly placeDep node_modules/minipass-pipeline yallist@4.0.0 OK for: minipass@3.3.6 want: ^4.0.0
1554 silly placeDep node_modules/node-gyp isexe@4.0.0 OK for: which@6.0.1 want: ^4.0.0
1555 silly reify moves {}
1556 silly audit bulk request {
1556 silly audit   '@angular/cli': [ '22.0.6' ],
1556 silly audit   '@angular-devkit/architect': [ '0.2200.6' ],
1556 silly audit   '@angular-devkit/core': [ '22.0.6' ],
1556 silly audit   '@angular-devkit/schematics': [ '22.0.6' ],
1556 silly audit   '@inquirer/prompts': [ '8.4.2' ],
1556 silly audit   '@listr2/prompt-adapter-inquirer': [ '4.2.3' ],
1556 silly audit   listr2: [ '10.2.1' ],
1556 silly audit   '@modelcontextprotocol/sdk': [ '1.29.0' ],
1556 silly audit   '@schematics/angular': [ '22.0.6' ],
1556 silly audit   '@yarnpkg/lockfile': [ '1.1.0' ],
1556 silly audit   algoliasearch: [ '5.52.0' ],
1556 silly audit   ini: [ '6.0.0' ],
1556 silly audit   'jsonc-parser': [ '3.3.1' ],
1556 silly audit   'npm-package-arg': [ '13.0.2' ],
1556 silly audit   pacote: [ '21.5.1' ],
1556 silly audit   'parse5-html-rewriting-stream': [ '8.0.1' ],
1556 silly audit   semver: [ '7.7.4' ],
1556 silly audit   yargs: [ '18.0.0' ],
1556 silly audit   zod: [ '4.4.2' ],
1556 silly audit   rxjs: [ '7.8.2' ],
1556 silly audit   ajv: [ '8.20.0' ],
1556 silly audit   'ajv-formats': [ '3.0.1' ],
1556 silly audit   picomatch: [ '4.0.4' ],
1556 silly audit   'source-map': [ '0.7.6' ],
1556 silly audit   'magic-string': [ '0.30.21' ],
1556 silly audit   ora: [ '9.4.0' ],
1556 silly audit   '@inquirer/checkbox': [ '5.2.1' ],
1556 silly audit   '@inquirer/confirm': [ '6.1.1' ],
1556 silly audit   '@inquirer/editor': [ '5.2.2' ],
1556 silly audit   '@inquirer/expand': [ '5.1.1' ],
1556 silly audit   '@inquirer/input': [ '5.1.2' ],
1556 silly audit   '@inquirer/number': [ '4.1.1' ],
1556 silly audit   '@inquirer/password': [ '5.1.1' ],
1556 silly audit   '@inquirer/rawlist': [ '5.3.1' ],
1556 silly audit   '@inquirer/search': [ '4.2.1' ],
1556 silly audit   '@inquirer/select': [ '5.2.1' ],
1556 silly audit   '@inquirer/ansi': [ '2.0.7' ],
1556 silly audit   '@inquirer/core': [ '11.2.1' ],
1556 silly audit   '@inquirer/figures': [ '2.0.7' ],
1556 silly audit   '@inquirer/type': [ '4.0.7' ],
1556 silly audit   'cli-width': [ '4.1.0' ],
1556 silly audit   'fast-wrap-ansi': [ '0.2.2' ],
1556 silly audit   'mute-stream': [ '3.0.0' ],
1556 silly audit   'signal-exit': [ '4.1.0' ],
1556 silly audit   '@inquirer/external-editor': [ '3.0.3' ],
1556 silly audit   chardet: [ '2.2.0' ],
1556 silly audit   'iconv-lite': [ '0.7.3' ],
1556 silly audit   '@hono/node-server': [ '1.19.14' ],
1556 silly audit   hono: [ '4.12.29' ],
1556 silly audit   'content-type': [ '1.0.5', '2.0.0' ],
1556 silly audit   cors: [ '2.8.6' ],
1556 silly audit   'cross-spawn': [ '7.0.6' ],
1556 silly audit   eventsource: [ '3.0.7' ],
1556 silly audit   'eventsource-parser': [ '3.1.0' ],
1556 silly audit   express: [ '5.2.1' ],
1556 silly audit   'express-rate-limit': [ '8.5.2' ],
1556 silly audit   jose: [ '6.2.3' ],
1556 silly audit   'json-schema-typed': [ '8.0.2' ],
1556 silly audit   'pkce-challenge': [ '5.0.1' ],
1556 silly audit   'raw-body': [ '3.0.2' ],
1556 silly audit   'zod-to-json-schema': [ '3.25.2' ],
1556 silly audit   typescript: [ '6.0.3' ],
1556 silly audit   'fast-deep-equal': [ '3.1.3' ],
1556 silly audit   'fast-uri': [ '3.1.3' ],
1556 silly audit   'json-schema-traverse': [ '1.0.0' ],
1556 silly audit   'require-from-string': [ '2.0.2' ],
1556 silly audit   '@algolia/abtesting': [ '1.18.0' ],
1556 silly audit   '@algolia/client-abtesting': [ '5.52.0' ],
1556 silly audit   '@algolia/client-analytics': [ '5.52.0' ],
1556 silly audit   '@algolia/client-common': [ '5.52.0' ],
1556 silly audit   '@algolia/client-insights': [ '5.52.0' ],
1556 silly audit   '@algolia/client-personalization': [ '5.52.0' ],
1556 silly audit   '@algolia/client-query-suggestions': [ '5.52.0' ],
1556 silly audit   '@algolia/client-search': [ '5.52.0' ],
1556 silly audit   '@algolia/ingestion': [ '1.52.0' ],
1556 silly audit   '@algolia/monitoring': [ '1.52.0' ],
1556 silly audit   '@algolia/recommend': [ '5.52.0' ],
1556 silly audit   '@algolia/requester-browser-xhr': [ '5.52.0' ],
1556 silly audit   '@algolia/requester-fetch': [ '5.52.0' ],
1556 silly audit   '@algolia/requester-node-http': [ '5.52.0' ],
1556 silly audit   'object-assign': [ '4.1.1' ],
1556 silly audit   vary: [ '1.1.2' ],
1556 silly audit   'path-key': [ '3.1.1' ],
1556 silly audit   'shebang-command': [ '2.0.0' ],
1556 silly audit   which: [ '2.0.2', '6.0.1' ],
1556 silly audit   accepts: [ '2.0.0' ],
1556 silly audit   'body-parser': [ '2.3.0' ],
1556 silly audit   'content-disposition': [ '1.1.0' ],
1556 silly audit   cookie: [ '0.7.2' ],
1556 silly audit   'cookie-signature': [ '1.2.2' ],
1556 silly audit   debug: [ '4.4.3' ],
1556 silly audit   depd: [ '2.0.0' ],
1556 silly audit   encodeurl: [ '2.0.0' ],
1556 silly audit   'escape-html': [ '1.0.3' ],
1556 silly audit   etag: [ '1.8.1' ],
1556 silly audit   finalhandler: [ '2.1.1' ],
1556 silly audit   fresh: [ '2.0.0' ],
1556 silly audit   'http-errors': [ '2.0.1' ],
1556 silly audit   'merge-descriptors': [ '2.0.0' ],
1556 silly audit   'mime-types': [ '3.0.2' ],
1556 silly audit   'on-finished': [ '2.4.1' ],
1556 silly audit   once: [ '1.4.0' ],
1556 silly audit   parseurl: [ '1.3.3' ],
1556 silly audit   'proxy-addr': [ '2.0.7' ],
1556 silly audit   qs: [ '6.15.3' ],
1556 silly audit   'range-parser': [ '1.3.0' ],
1556 silly audit   router: [ '2.2.0' ],
1556 silly audit   send: [ '1.2.1' ],
1556 silly audit   'serve-static': [ '2.2.1' ],
1556 silly audit   statuses: [ '2.0.2' ],
1556 silly audit   'type-is': [ '2.1.0' ],
1556 silly audit   negotiator: [ '1.0.0' ],
1556 silly audit   bytes: [ '3.1.2' ],
1556 silly audit   ms: [ '2.1.3' ],
1556 silly audit   'ip-address': [ '10.2.0' ],
1556 silly audit   'fast-string-width': [ '3.0.2' ],
1556 silly audit   'fast-string-truncated-width': [ '3.0.3' ],
1556 silly audit   inherits: [ '2.0.4' ],
1556 silly audit   setprototypeof: [ '1.2.0' ],
1556 silly audit   toidentifier: [ '1.0.1' ],
1556 silly audit   'safer-buffer': [ '2.1.2' ],
1556 silly audit   'cli-truncate': [ '5.2.0' ],
1556 silly audit   eventemitter3: [ '5.0.4' ],
1556 silly audit   'log-update': [ '6.1.0' ],
1556 silly audit   rfdc: [ '1.4.1' ],
1556 silly audit   'wrap-ansi': [ '10.0.0', '9.0.2' ],
1556 silly audit   'slice-ansi': [ '8.0.0', '7.1.2' ],
1556 silly audit   'string-width': [ '8.2.2', '7.2.0' ],
1556 silly audit   'ansi-escapes': [ '7.3.0' ],
1556 silly audit   'cli-cursor': [ '5.0.0' ],
1556 silly audit   'strip-ansi': [ '7.2.0' ],
1556 silly audit   environment: [ '1.1.0' ],
1556 silly audit   'restore-cursor': [ '5.1.0' ],
1556 silly audit   '@jridgewell/sourcemap-codec': [ '1.5.5' ],
1556 silly audit   'mime-db': [ '1.54.0' ],
1556 silly audit   'hosted-git-info': [ '9.0.3' ],
1556 silly audit   'proc-log': [ '6.1.0' ],
1556 silly audit   'validate-npm-package-name': [ '7.0.2' ],
1556 silly audit   'lru-cache': [ '11.5.2' ],
1556 silly audit   'ee-first': [ '1.1.1' ],
1556 silly audit   wrappy: [ '1.0.2' ],
1556 silly audit   chalk: [ '5.6.2' ],
1556 silly audit   'cli-spinners': [ '3.4.0' ],
1556 silly audit   'is-interactive': [ '2.0.0' ],
1556 silly audit   'is-unicode-supported': [ '2.1.0' ],
1556 silly audit   'log-symbols': [ '7.0.1' ],
1556 silly audit   'stdin-discarder': [ '0.3.2' ],
1556 silly audit   yoctocolors: [ '2.1.2' ],
1556 silly audit   '@gar/promise-retry': [ '1.0.3' ],
1556 silly audit   '@npmcli/git': [ '7.0.2' ],
1556 silly audit   '@npmcli/installed-package-contents': [ '4.0.0' ],
1556 silly audit   '@npmcli/package-json': [ '7.0.5' ],
1556 silly audit   '@npmcli/promise-spawn': [ '9.0.1' ],
1556 silly audit   '@npmcli/run-script': [ '10.0.4' ],
1556 silly audit   cacache: [ '20.0.4' ],
1556 silly audit   'fs-minipass': [ '3.0.3' ],
1556 silly audit   minipass: [ '7.1.3', '3.3.6' ],
1556 silly audit   'npm-packlist': [ '10.0.4' ],
1556 silly audit   'npm-pick-manifest': [ '11.0.3' ],
1556 silly audit   'npm-registry-fetch': [ '19.1.1' ],
1556 silly audit   sigstore: [ '4.1.1' ],
1556 silly audit   ssri: [ '13.0.1' ],
1556 silly audit   tar: [ '7.5.19' ],
1556 silly audit   'npm-bundled': [ '5.0.0' ],
1556 silly audit   'npm-normalize-package-bin': [ '5.0.0' ],
1556 silly audit   glob: [ '13.0.6' ],
1556 silly audit   'json-parse-even-better-errors': [ '5.0.0' ],
1556 silly audit   'spdx-expression-parse': [ '4.0.0' ],
1556 silly audit   '@npmcli/node-gyp': [ '5.0.0' ],
1556 silly audit   'node-gyp': [ '12.4.0' ],
1556 silly audit   '@npmcli/fs': [ '5.0.0' ],
1556 silly audit   'minipass-collect': [ '2.0.1' ],
1556 silly audit   'minipass-flush': [ '1.0.7' ],
1556 silly audit   'minipass-pipeline': [ '1.2.4' ],
1556 silly audit   'p-map': [ '7.0.5' ],
1556 silly audit   minimatch: [ '10.2.5' ],
1556 silly audit   'path-scurry': [ '2.0.2' ],
1556 silly audit   'brace-expansion': [ '5.0.7' ],
1556 silly audit   'balanced-match': [ '4.0.4' ],
1556 silly audit   'env-paths': [ '2.2.1' ],
1556 silly audit   'exponential-backoff': [ '3.1.3' ],
1556 silly audit   'graceful-fs': [ '4.2.11' ],
1556 silly audit   nopt: [ '9.0.0' ],
1556 silly audit   tinyglobby: [ '0.2.17' ],
1556 silly audit   undici: [ '6.27.0' ],
1556 silly audit   abbrev: [ '4.0.0' ],
1556 silly audit   'ignore-walk': [ '8.0.0' ],
1556 silly audit   'npm-install-checks': [ '8.0.0' ],
1556 silly audit   '@npmcli/redact': [ '4.0.0' ],
1556 silly audit   jsonparse: [ '1.3.1' ],
1556 silly audit   'make-fetch-happen': [ '15.0.6' ],
1556 silly audit   'minipass-fetch': [ '5.0.2' ],
1556 silly audit   minizlib: [ '3.1.0' ],
1556 silly audit   '@npmcli/agent': [ '4.0.2' ],
1556 silly audit   'http-cache-semantics': [ '4.2.0' ],
1556 silly audit   'agent-base': [ '7.1.4' ],
1556 silly audit   'http-proxy-agent': [ '7.0.2' ],
1556 silly audit   'https-proxy-agent': [ '7.0.6' ],
1556 silly audit   'socks-proxy-agent': [ '8.0.5' ],
1556 silly audit   'minipass-sized': [ '2.0.0' ],
1556 silly audit   entities: [ '8.0.0' ],
1556 silly audit   parse5: [ '8.0.1' ],
1556 silly audit   'parse5-sax-parser': [ '8.0.0' ],
1556 silly audit   forwarded: [ '0.2.0' ],
1556 silly audit   'ipaddr.js': [ '1.9.1' ],
1556 silly audit   'es-define-property': [ '1.0.1' ],
1556 silly audit   'side-channel': [ '1.1.1' ],
1556 silly audit   unpipe: [ '1.0.0' ],
1556 silly audit   onetime: [ '7.0.0' ],
1556 silly audit   'mimic-function': [ '5.0.1' ],
1556 silly audit   'is-promise': [ '4.0.0' ],
1556 silly audit   'path-to-regexp': [ '8.4.2' ],
1556 silly audit   tslib: [ '2.8.1' ],
1556 silly audit   'shebang-regex': [ '3.0.0' ],
1556 silly audit   'es-errors': [ '1.3.0' ],
1556 silly audit   'object-inspect': [ '1.13.4' ],
1556 silly audit   'side-channel-list': [ '1.0.1' ],
1556 silly audit   'side-channel-map': [ '1.0.1' ],
1556 silly audit   'side-channel-weakmap': [ '1.0.2' ],
1556 silly audit   'call-bound': [ '1.0.4' ],
1556 silly audit   'get-intrinsic': [ '1.3.0' ],
1556 silly audit   'call-bind-apply-helpers': [ '1.0.2' ],
1556 silly audit   'function-bind': [ '1.1.2' ],
1556 silly audit   'es-object-atoms': [ '1.1.2' ],
1556 silly audit   'get-proto': [ '1.0.1' ],
1556 silly audit   gopd: [ '1.2.0' ],
1556 silly audit   'has-symbols': [ '1.1.0' ],
1556 silly audit   hasown: [ '2.0.4' ],
1556 silly audit   'math-intrinsics': [ '1.1.0' ],
1556 silly audit   'dunder-proto': [ '1.0.1' ],
1556 silly audit   '@sigstore/bundle': [ '4.0.0' ],
1556 silly audit   '@sigstore/core': [ '3.2.1' ],
1556 silly audit   '@sigstore/protobuf-specs': [ '0.5.1' ],
1556 silly audit   '@sigstore/sign': [ '4.1.1' ],
1556 silly audit   '@sigstore/tuf': [ '4.0.2' ],
1556 silly audit   '@sigstore/verify': [ '3.1.1' ],
1556 silly audit   'tuf-js': [ '4.1.0' ],
1556 silly audit   'ansi-styles': [ '6.2.3' ],
1556 silly audit   'is-fullwidth-code-point': [ '5.1.0' ],
1556 silly audit   'get-east-asian-width': [ '1.6.0' ],
1556 silly audit   socks: [ '2.8.9' ],
1556 silly audit   'smart-buffer': [ '4.2.0' ],
1556 silly audit   'spdx-exceptions': [ '2.5.0' ],
1556 silly audit   'spdx-license-ids': [ '3.0.23' ],
1556 silly audit   'ansi-regex': [ '6.2.2' ],
1556 silly audit   '@isaacs/fs-minipass': [ '4.0.1' ],
1556 silly audit   chownr: [ '3.0.0' ],
1556 silly audit   yallist: [ '5.0.0', '4.0.0' ],
1556 silly audit   fdir: [ '6.5.0' ],
1556 silly audit   '@tufjs/models': [ '4.1.0' ],
1556 silly audit   '@tufjs/canonical-json': [ '2.0.0' ],
1556 silly audit   'media-typer': [ '1.1.0' ],
1556 silly audit   isexe: [ '2.0.0', '4.0.0' ],
1556 silly audit   cliui: [ '9.0.1' ],
1556 silly audit   escalade: [ '3.2.0' ],
1556 silly audit   'get-caller-file': [ '2.0.5' ],
1556 silly audit   y18n: [ '5.0.8' ],
1556 silly audit   'yargs-parser': [ '22.0.0' ],
1556 silly audit   'emoji-regex': [ '10.6.0' ]
1556 silly audit }
1557 http cache yargs-parser@https://registry.npmjs.org/yargs-parser/-/yargs-parser-22.0.0.tgz 0ms (cache hit)
1558 http cache emoji-regex@https://registry.npmjs.org/emoji-regex/-/emoji-regex-10.6.0.tgz 0ms (cache hit)
1559 http cache get-caller-file@https://registry.npmjs.org/get-caller-file/-/get-caller-file-2.0.5.tgz 0ms (cache hit)
1560 http cache y18n@https://registry.npmjs.org/y18n/-/y18n-5.0.8.tgz 0ms (cache hit)
1561 http cache escalade@https://registry.npmjs.org/escalade/-/escalade-3.2.0.tgz 0ms (cache hit)
1562 http cache cliui@https://registry.npmjs.org/cliui/-/cliui-9.0.1.tgz 0ms (cache hit)
1563 http cache media-typer@https://registry.npmjs.org/media-typer/-/media-typer-1.1.0.tgz 0ms (cache hit)
1564 http cache isexe@https://registry.npmjs.org/isexe/-/isexe-2.0.0.tgz 0ms (cache hit)
1565 http cache @isaacs/fs-minipass@https://registry.npmjs.org/@isaacs/fs-minipass/-/fs-minipass-4.0.1.tgz 0ms (cache hit)
1566 http cache @tufjs/canonical-json@https://registry.npmjs.org/@tufjs/canonical-json/-/canonical-json-2.0.0.tgz 0ms (cache hit)
1567 http cache @tufjs/models@https://registry.npmjs.org/@tufjs/models/-/models-4.1.0.tgz 0ms (cache hit)
1568 http cache fdir@https://registry.npmjs.org/fdir/-/fdir-6.5.0.tgz 0ms (cache hit)
1569 http cache yallist@https://registry.npmjs.org/yallist/-/yallist-5.0.0.tgz 0ms (cache hit)
1570 http cache chownr@https://registry.npmjs.org/chownr/-/chownr-3.0.0.tgz 0ms (cache hit)
1571 http cache smart-buffer@https://registry.npmjs.org/smart-buffer/-/smart-buffer-4.2.0.tgz 0ms (cache hit)
1572 http cache spdx-license-ids@https://registry.npmjs.org/spdx-license-ids/-/spdx-license-ids-3.0.23.tgz 0ms (cache hit)
1573 http cache ansi-regex@https://registry.npmjs.org/ansi-regex/-/ansi-regex-6.2.2.tgz 0ms (cache hit)
1574 http cache socks@https://registry.npmjs.org/socks/-/socks-2.8.9.tgz 0ms (cache hit)
1575 http cache ansi-styles@https://registry.npmjs.org/ansi-styles/-/ansi-styles-6.2.3.tgz 0ms (cache hit)
1576 http cache tuf-js@https://registry.npmjs.org/tuf-js/-/tuf-js-4.1.0.tgz 0ms (cache hit)
1577 http cache is-fullwidth-code-point@https://registry.npmjs.org/is-fullwidth-code-point/-/is-fullwidth-code-point-5.1.0.tgz 0ms (cache hit)
1578 http cache get-east-asian-width@https://registry.npmjs.org/get-east-asian-width/-/get-east-asian-width-1.6.0.tgz 0ms (cache hit)
1579 http cache @sigstore/verify@https://registry.npmjs.org/@sigstore/verify/-/verify-3.1.1.tgz 0ms (cache hit)
1580 http cache spdx-exceptions@https://registry.npmjs.org/spdx-exceptions/-/spdx-exceptions-2.5.0.tgz 0ms (cache hit)
1581 http cache @sigstore/sign@https://registry.npmjs.org/@sigstore/sign/-/sign-4.1.1.tgz 0ms (cache hit)
1582 http cache @sigstore/protobuf-specs@https://registry.npmjs.org/@sigstore/protobuf-specs/-/protobuf-specs-0.5.1.tgz 0ms (cache hit)
1583 http cache @sigstore/tuf@https://registry.npmjs.org/@sigstore/tuf/-/tuf-4.0.2.tgz 0ms (cache hit)
1584 http cache @sigstore/core@https://registry.npmjs.org/@sigstore/core/-/core-3.2.1.tgz 0ms (cache hit)
1585 http cache math-intrinsics@https://registry.npmjs.org/math-intrinsics/-/math-intrinsics-1.1.0.tgz 0ms (cache hit)
1586 http cache dunder-proto@https://registry.npmjs.org/dunder-proto/-/dunder-proto-1.0.1.tgz 0ms (cache hit)
1587 http cache hasown@https://registry.npmjs.org/hasown/-/hasown-2.0.4.tgz 0ms (cache hit)
1588 http cache has-symbols@https://registry.npmjs.org/has-symbols/-/has-symbols-1.1.0.tgz 0ms (cache hit)
1589 http cache get-proto@https://registry.npmjs.org/get-proto/-/get-proto-1.0.1.tgz 0ms (cache hit)
1590 http cache es-object-atoms@https://registry.npmjs.org/es-object-atoms/-/es-object-atoms-1.1.2.tgz 0ms (cache hit)
1591 http cache gopd@https://registry.npmjs.org/gopd/-/gopd-1.2.0.tgz 0ms (cache hit)
1592 http cache function-bind@https://registry.npmjs.org/function-bind/-/function-bind-1.1.2.tgz 0ms (cache hit)
1593 http cache call-bind-apply-helpers@https://registry.npmjs.org/call-bind-apply-helpers/-/call-bind-apply-helpers-1.0.2.tgz 0ms (cache hit)
1594 http cache get-intrinsic@https://registry.npmjs.org/get-intrinsic/-/get-intrinsic-1.3.0.tgz 0ms (cache hit)
1595 http cache @sigstore/bundle@https://registry.npmjs.org/@sigstore/bundle/-/bundle-4.0.0.tgz 0ms (cache hit)
1596 http cache side-channel-weakmap@https://registry.npmjs.org/side-channel-weakmap/-/side-channel-weakmap-1.0.2.tgz 0ms (cache hit)
1597 http cache call-bound@https://registry.npmjs.org/call-bound/-/call-bound-1.0.4.tgz 0ms (cache hit)
1598 http cache side-channel-map@https://registry.npmjs.org/side-channel-map/-/side-channel-map-1.0.1.tgz 0ms (cache hit)
1599 http cache object-inspect@https://registry.npmjs.org/object-inspect/-/object-inspect-1.13.4.tgz 0ms (cache hit)
1600 http cache es-errors@https://registry.npmjs.org/es-errors/-/es-errors-1.3.0.tgz 0ms (cache hit)
1601 http cache side-channel-list@https://registry.npmjs.org/side-channel-list/-/side-channel-list-1.0.1.tgz 0ms (cache hit)
1602 http cache shebang-regex@https://registry.npmjs.org/shebang-regex/-/shebang-regex-3.0.0.tgz 0ms (cache hit)
1603 http cache path-to-regexp@https://registry.npmjs.org/path-to-regexp/-/path-to-regexp-8.4.2.tgz 0ms (cache hit)
1604 http cache is-promise@https://registry.npmjs.org/is-promise/-/is-promise-4.0.0.tgz 0ms (cache hit)
1605 http cache tslib@https://registry.npmjs.org/tslib/-/tslib-2.8.1.tgz 0ms (cache hit)
1606 http cache unpipe@https://registry.npmjs.org/unpipe/-/unpipe-1.0.0.tgz 0ms (cache hit)
1607 http cache mimic-function@https://registry.npmjs.org/mimic-function/-/mimic-function-5.0.1.tgz 0ms (cache hit)
1608 http cache onetime@https://registry.npmjs.org/onetime/-/onetime-7.0.0.tgz 0ms (cache hit)
1609 http cache side-channel@https://registry.npmjs.org/side-channel/-/side-channel-1.1.1.tgz 0ms (cache hit)
1610 http cache es-define-property@https://registry.npmjs.org/es-define-property/-/es-define-property-1.0.1.tgz 0ms (cache hit)
1611 http cache forwarded@https://registry.npmjs.org/forwarded/-/forwarded-0.2.0.tgz 0ms (cache hit)
1612 http cache ipaddr.js@https://registry.npmjs.org/ipaddr.js/-/ipaddr.js-1.9.1.tgz 0ms (cache hit)
1613 http cache parse5@https://registry.npmjs.org/parse5/-/parse5-8.0.1.tgz 0ms (cache hit)
1614 http cache parse5-sax-parser@https://registry.npmjs.org/parse5-sax-parser/-/parse5-sax-parser-8.0.0.tgz 0ms (cache hit)
1615 http cache entities@https://registry.npmjs.org/entities/-/entities-8.0.0.tgz 0ms (cache hit)
1616 http cache socks-proxy-agent@https://registry.npmjs.org/socks-proxy-agent/-/socks-proxy-agent-8.0.5.tgz 0ms (cache hit)
1617 http cache minipass-sized@https://registry.npmjs.org/minipass-sized/-/minipass-sized-2.0.0.tgz 0ms (cache hit)
1618 http cache https-proxy-agent@https://registry.npmjs.org/https-proxy-agent/-/https-proxy-agent-7.0.6.tgz 0ms (cache hit)
1619 http cache agent-base@https://registry.npmjs.org/agent-base/-/agent-base-7.1.4.tgz 0ms (cache hit)
1620 http cache http-proxy-agent@https://registry.npmjs.org/http-proxy-agent/-/http-proxy-agent-7.0.2.tgz 0ms (cache hit)
1621 http cache minizlib@https://registry.npmjs.org/minizlib/-/minizlib-3.1.0.tgz 0ms (cache hit)
1622 http cache http-cache-semantics@https://registry.npmjs.org/http-cache-semantics/-/http-cache-semantics-4.2.0.tgz 0ms (cache hit)
1623 http cache minipass-fetch@https://registry.npmjs.org/minipass-fetch/-/minipass-fetch-5.0.2.tgz 0ms (cache hit)
1624 http cache make-fetch-happen@https://registry.npmjs.org/make-fetch-happen/-/make-fetch-happen-15.0.6.tgz 0ms (cache hit)
1625 http cache @npmcli/agent@https://registry.npmjs.org/@npmcli/agent/-/agent-4.0.2.tgz 0ms (cache hit)
1626 http cache npm-install-checks@https://registry.npmjs.org/npm-install-checks/-/npm-install-checks-8.0.0.tgz 0ms (cache hit)
1627 http cache @npmcli/redact@https://registry.npmjs.org/@npmcli/redact/-/redact-4.0.0.tgz 0ms (cache hit)
1628 http cache jsonparse@https://registry.npmjs.org/jsonparse/-/jsonparse-1.3.1.tgz 0ms (cache hit)
1629 http cache ignore-walk@https://registry.npmjs.org/ignore-walk/-/ignore-walk-8.0.0.tgz 0ms (cache hit)
1630 http cache undici@https://registry.npmjs.org/undici/-/undici-6.27.0.tgz 0ms (cache hit)
1631 http cache nopt@https://registry.npmjs.org/nopt/-/nopt-9.0.0.tgz 0ms (cache hit)
1632 http cache abbrev@https://registry.npmjs.org/abbrev/-/abbrev-4.0.0.tgz 0ms (cache hit)
1633 http cache graceful-fs@https://registry.npmjs.org/graceful-fs/-/graceful-fs-4.2.11.tgz 0ms (cache hit)
1634 http cache tinyglobby@https://registry.npmjs.org/tinyglobby/-/tinyglobby-0.2.17.tgz 0ms (cache hit)
1635 http cache balanced-match@https://registry.npmjs.org/balanced-match/-/balanced-match-4.0.4.tgz 0ms (cache hit)
1636 http cache env-paths@https://registry.npmjs.org/env-paths/-/env-paths-2.2.1.tgz 0ms (cache hit)
1637 http cache exponential-backoff@https://registry.npmjs.org/exponential-backoff/-/exponential-backoff-3.1.3.tgz 0ms (cache hit)
1638 http cache path-scurry@https://registry.npmjs.org/path-scurry/-/path-scurry-2.0.2.tgz 0ms (cache hit)
1639 http cache brace-expansion@https://registry.npmjs.org/brace-expansion/-/brace-expansion-5.0.7.tgz 0ms (cache hit)
1640 http cache minimatch@https://registry.npmjs.org/minimatch/-/minimatch-10.2.5.tgz 0ms (cache hit)
1641 http cache p-map@https://registry.npmjs.org/p-map/-/p-map-7.0.5.tgz 0ms (cache hit)
1642 http cache minipass-flush@https://registry.npmjs.org/minipass-flush/-/minipass-flush-1.0.7.tgz 0ms (cache hit)
1643 http cache minipass-pipeline@https://registry.npmjs.org/minipass-pipeline/-/minipass-pipeline-1.2.4.tgz 0ms (cache hit)
1644 http cache node-gyp@https://registry.npmjs.org/node-gyp/-/node-gyp-12.4.0.tgz 0ms (cache hit)
1645 http cache minipass-collect@https://registry.npmjs.org/minipass-collect/-/minipass-collect-2.0.1.tgz 0ms (cache hit)
1646 http cache @npmcli/node-gyp@https://registry.npmjs.org/@npmcli/node-gyp/-/node-gyp-5.0.0.tgz 1ms (cache hit)
1647 http cache json-parse-even-better-errors@https://registry.npmjs.org/json-parse-even-better-errors/-/json-parse-even-better-errors-5.0.0.tgz 0ms (cache hit)
1648 http cache @npmcli/fs@https://registry.npmjs.org/@npmcli/fs/-/fs-5.0.0.tgz 0ms (cache hit)
1649 http cache glob@https://registry.npmjs.org/glob/-/glob-13.0.6.tgz 0ms (cache hit)
1650 http cache npm-normalize-package-bin@https://registry.npmjs.org/npm-normalize-package-bin/-/npm-normalize-package-bin-5.0.0.tgz 0ms (cache hit)
1651 http cache spdx-expression-parse@https://registry.npmjs.org/spdx-expression-parse/-/spdx-expression-parse-4.0.0.tgz 0ms (cache hit)
1652 http cache npm-bundled@https://registry.npmjs.org/npm-bundled/-/npm-bundled-5.0.0.tgz 0ms (cache hit)
1653 http cache ssri@https://registry.npmjs.org/ssri/-/ssri-13.0.1.tgz 0ms (cache hit)
1654 http cache tar@https://registry.npmjs.org/tar/-/tar-7.5.19.tgz 0ms (cache hit)
1655 http cache sigstore@https://registry.npmjs.org/sigstore/-/sigstore-4.1.1.tgz 0ms (cache hit)
1656 http cache npm-pick-manifest@https://registry.npmjs.org/npm-pick-manifest/-/npm-pick-manifest-11.0.3.tgz 0ms (cache hit)
1657 http cache minipass@https://registry.npmjs.org/minipass/-/minipass-7.1.3.tgz 0ms (cache hit)
1658 http cache npm-packlist@https://registry.npmjs.org/npm-packlist/-/npm-packlist-10.0.4.tgz 0ms (cache hit)
1659 http cache fs-minipass@https://registry.npmjs.org/fs-minipass/-/fs-minipass-3.0.3.tgz 0ms (cache hit)
1660 http cache npm-registry-fetch@https://registry.npmjs.org/npm-registry-fetch/-/npm-registry-fetch-19.1.1.tgz 0ms (cache hit)
1661 http cache @npmcli/package-json@https://registry.npmjs.org/@npmcli/package-json/-/package-json-7.0.5.tgz 0ms (cache hit)
1662 http cache @npmcli/run-script@https://registry.npmjs.org/@npmcli/run-script/-/run-script-10.0.4.tgz 0ms (cache hit)
1663 http cache cacache@https://registry.npmjs.org/cacache/-/cacache-20.0.4.tgz 0ms (cache hit)
1664 http cache @npmcli/promise-spawn@https://registry.npmjs.org/@npmcli/promise-spawn/-/promise-spawn-9.0.1.tgz 0ms (cache hit)
1665 http cache @gar/promise-retry@https://registry.npmjs.org/@gar/promise-retry/-/promise-retry-1.0.3.tgz 0ms (cache hit)
1666 http cache @npmcli/git@https://registry.npmjs.org/@npmcli/git/-/git-7.0.2.tgz 0ms (cache hit)
1667 http cache yoctocolors@https://registry.npmjs.org/yoctocolors/-/yoctocolors-2.1.2.tgz 0ms (cache hit)
1668 http cache @npmcli/installed-package-contents@https://registry.npmjs.org/@npmcli/installed-package-contents/-/installed-package-contents-4.0.0.tgz 0ms (cache hit)
1669 http cache log-symbols@https://registry.npmjs.org/log-symbols/-/log-symbols-7.0.1.tgz 0ms (cache hit)
1670 http cache stdin-discarder@https://registry.npmjs.org/stdin-discarder/-/stdin-discarder-0.3.2.tgz 0ms (cache hit)
1671 http cache is-interactive@https://registry.npmjs.org/is-interactive/-/is-interactive-2.0.0.tgz 0ms (cache hit)
1672 http cache cli-spinners@https://registry.npmjs.org/cli-spinners/-/cli-spinners-3.4.0.tgz 0ms (cache hit)
1673 http cache chalk@https://registry.npmjs.org/chalk/-/chalk-5.6.2.tgz 0ms (cache hit)
1674 http cache is-unicode-supported@https://registry.npmjs.org/is-unicode-supported/-/is-unicode-supported-2.1.0.tgz 0ms (cache hit)
1675 http cache lru-cache@https://registry.npmjs.org/lru-cache/-/lru-cache-11.5.2.tgz 0ms (cache hit)
1676 http cache wrappy@https://registry.npmjs.org/wrappy/-/wrappy-1.0.2.tgz 0ms (cache hit)
1677 http cache validate-npm-package-name@https://registry.npmjs.org/validate-npm-package-name/-/validate-npm-package-name-7.0.2.tgz 0ms (cache hit)
1678 http cache proc-log@https://registry.npmjs.org/proc-log/-/proc-log-6.1.0.tgz 0ms (cache hit)
1679 http cache ee-first@https://registry.npmjs.org/ee-first/-/ee-first-1.1.1.tgz 0ms (cache hit)
1680 http cache mime-db@https://registry.npmjs.org/mime-db/-/mime-db-1.54.0.tgz 0ms (cache hit)
1681 http cache @jridgewell/sourcemap-codec@https://registry.npmjs.org/@jridgewell/sourcemap-codec/-/sourcemap-codec-1.5.5.tgz 0ms (cache hit)
1682 http cache hosted-git-info@https://registry.npmjs.org/hosted-git-info/-/hosted-git-info-9.0.3.tgz 0ms (cache hit)
1683 http cache restore-cursor@https://registry.npmjs.org/restore-cursor/-/restore-cursor-5.1.0.tgz 0ms (cache hit)
1684 http cache environment@https://registry.npmjs.org/environment/-/environment-1.1.0.tgz 0ms (cache hit)
1685 http cache string-width@https://registry.npmjs.org/string-width/-/string-width-8.2.2.tgz 0ms (cache hit)
1686 http cache cli-cursor@https://registry.npmjs.org/cli-cursor/-/cli-cursor-5.0.0.tgz 0ms (cache hit)
1687 http cache strip-ansi@https://registry.npmjs.org/strip-ansi/-/strip-ansi-7.2.0.tgz 0ms (cache hit)
1688 http cache ansi-escapes@https://registry.npmjs.org/ansi-escapes/-/ansi-escapes-7.3.0.tgz 0ms (cache hit)
1689 http cache wrap-ansi@https://registry.npmjs.org/wrap-ansi/-/wrap-ansi-10.0.0.tgz 0ms (cache hit)
1690 http cache slice-ansi@https://registry.npmjs.org/slice-ansi/-/slice-ansi-8.0.0.tgz 0ms (cache hit)
1691 http cache eventemitter3@https://registry.npmjs.org/eventemitter3/-/eventemitter3-5.0.4.tgz 0ms (cache hit)
1692 http cache rfdc@https://registry.npmjs.org/rfdc/-/rfdc-1.4.1.tgz 0ms (cache hit)
1693 http cache log-update@https://registry.npmjs.org/log-update/-/log-update-6.1.0.tgz 0ms (cache hit)
1694 http cache safer-buffer@https://registry.npmjs.org/safer-buffer/-/safer-buffer-2.1.2.tgz 0ms (cache hit)
1695 http cache cli-truncate@https://registry.npmjs.org/cli-truncate/-/cli-truncate-5.2.0.tgz 0ms (cache hit)
1696 http cache toidentifier@https://registry.npmjs.org/toidentifier/-/toidentifier-1.0.1.tgz 0ms (cache hit)
1697 http cache fast-string-truncated-width@https://registry.npmjs.org/fast-string-truncated-width/-/fast-string-truncated-width-3.0.3.tgz 0ms (cache hit)
1698 http cache inherits@https://registry.npmjs.org/inherits/-/inherits-2.0.4.tgz 0ms (cache hit)
1699 http cache setprototypeof@https://registry.npmjs.org/setprototypeof/-/setprototypeof-1.2.0.tgz 0ms (cache hit)
1700 http cache ip-address@https://registry.npmjs.org/ip-address/-/ip-address-10.2.0.tgz 0ms (cache hit)
1701 http cache ms@https://registry.npmjs.org/ms/-/ms-2.1.3.tgz 0ms (cache hit)
1702 http cache fast-string-width@https://registry.npmjs.org/fast-string-width/-/fast-string-width-3.0.2.tgz 0ms (cache hit)
1703 http cache bytes@https://registry.npmjs.org/bytes/-/bytes-3.1.2.tgz 0ms (cache hit)
1704 http cache type-is@https://registry.npmjs.org/type-is/-/type-is-2.1.0.tgz 0ms (cache hit)
1705 http cache negotiator@https://registry.npmjs.org/negotiator/-/negotiator-1.0.0.tgz 0ms (cache hit)
1706 http cache serve-static@https://registry.npmjs.org/serve-static/-/serve-static-2.2.1.tgz 0ms (cache hit)
1707 http cache statuses@https://registry.npmjs.org/statuses/-/statuses-2.0.2.tgz 0ms (cache hit)
1708 http cache send@https://registry.npmjs.org/send/-/send-1.2.1.tgz 0ms (cache hit)
1709 http cache router@https://registry.npmjs.org/router/-/router-2.2.0.tgz 0ms (cache hit)
1710 http cache range-parser@https://registry.npmjs.org/range-parser/-/range-parser-1.3.0.tgz 0ms (cache hit)
1711 http cache once@https://registry.npmjs.org/once/-/once-1.4.0.tgz 0ms (cache hit)
1712 http cache qs@https://registry.npmjs.org/qs/-/qs-6.15.3.tgz 0ms (cache hit)
1713 http cache proxy-addr@https://registry.npmjs.org/proxy-addr/-/proxy-addr-2.0.7.tgz 0ms (cache hit)
1714 http cache parseurl@https://registry.npmjs.org/parseurl/-/parseurl-1.3.3.tgz 0ms (cache hit)
1715 http cache on-finished@https://registry.npmjs.org/on-finished/-/on-finished-2.4.1.tgz 0ms (cache hit)
1716 http cache http-errors@https://registry.npmjs.org/http-errors/-/http-errors-2.0.1.tgz 0ms (cache hit)
1717 http cache mime-types@https://registry.npmjs.org/mime-types/-/mime-types-3.0.2.tgz 0ms (cache hit)
1718 http cache merge-descriptors@https://registry.npmjs.org/merge-descriptors/-/merge-descriptors-2.0.0.tgz 0ms (cache hit)
1719 http cache finalhandler@https://registry.npmjs.org/finalhandler/-/finalhandler-2.1.1.tgz 0ms (cache hit)
1720 http cache etag@https://registry.npmjs.org/etag/-/etag-1.8.1.tgz 0ms (cache hit)
1721 http cache encodeurl@https://registry.npmjs.org/encodeurl/-/encodeurl-2.0.0.tgz 0ms (cache hit)
1722 http cache escape-html@https://registry.npmjs.org/escape-html/-/escape-html-1.0.3.tgz 0ms (cache hit)
1723 http cache depd@https://registry.npmjs.org/depd/-/depd-2.0.0.tgz 0ms (cache hit)
1724 http cache cookie@https://registry.npmjs.org/cookie/-/cookie-0.7.2.tgz 0ms (cache hit)
1725 http cache cookie-signature@https://registry.npmjs.org/cookie-signature/-/cookie-signature-1.2.2.tgz 0ms (cache hit)
1726 http cache debug@https://registry.npmjs.org/debug/-/debug-4.4.3.tgz 0ms (cache hit)
1727 http cache content-disposition@https://registry.npmjs.org/content-disposition/-/content-disposition-1.1.0.tgz 0ms (cache hit)
1728 http cache accepts@https://registry.npmjs.org/accepts/-/accepts-2.0.0.tgz 0ms (cache hit)
1729 http cache body-parser@https://registry.npmjs.org/body-parser/-/body-parser-2.3.0.tgz 0ms (cache hit)
1730 http cache which@https://registry.npmjs.org/which/-/which-2.0.2.tgz 0ms (cache hit)
1731 http cache path-key@https://registry.npmjs.org/path-key/-/path-key-3.1.1.tgz 0ms (cache hit)
1732 http cache shebang-command@https://registry.npmjs.org/shebang-command/-/shebang-command-2.0.0.tgz 0ms (cache hit)
1733 http cache object-assign@https://registry.npmjs.org/object-assign/-/object-assign-4.1.1.tgz 0ms (cache hit)
1734 http cache vary@https://registry.npmjs.org/vary/-/vary-1.1.2.tgz 0ms (cache hit)
1735 http cache @algolia/monitoring@https://registry.npmjs.org/@algolia/monitoring/-/monitoring-1.52.0.tgz 0ms (cache hit)
1736 http cache @algolia/requester-browser-xhr@https://registry.npmjs.org/@algolia/requester-browser-xhr/-/requester-browser-xhr-5.52.0.tgz 0ms (cache hit)
1737 http cache @algolia/requester-fetch@https://registry.npmjs.org/@algolia/requester-fetch/-/requester-fetch-5.52.0.tgz 0ms (cache hit)
1738 http cache @algolia/requester-node-http@https://registry.npmjs.org/@algolia/requester-node-http/-/requester-node-http-5.52.0.tgz 0ms (cache hit)
1739 http cache @algolia/recommend@https://registry.npmjs.org/@algolia/recommend/-/recommend-5.52.0.tgz 0ms (cache hit)
1740 http cache @algolia/client-search@https://registry.npmjs.org/@algolia/client-search/-/client-search-5.52.0.tgz 0ms (cache hit)
1741 http cache @algolia/client-query-suggestions@https://registry.npmjs.org/@algolia/client-query-suggestions/-/client-query-suggestions-5.52.0.tgz 0ms (cache hit)
1742 http cache @algolia/client-insights@https://registry.npmjs.org/@algolia/client-insights/-/client-insights-5.52.0.tgz 0ms (cache hit)
1743 http cache @algolia/ingestion@https://registry.npmjs.org/@algolia/ingestion/-/ingestion-1.52.0.tgz 0ms (cache hit)
1744 http cache @algolia/client-personalization@https://registry.npmjs.org/@algolia/client-personalization/-/client-personalization-5.52.0.tgz 0ms (cache hit)
1745 http cache @algolia/client-common@https://registry.npmjs.org/@algolia/client-common/-/client-common-5.52.0.tgz 0ms (cache hit)
1746 http cache require-from-string@https://registry.npmjs.org/require-from-string/-/require-from-string-2.0.2.tgz 0ms (cache hit)
1747 http cache @algolia/client-abtesting@https://registry.npmjs.org/@algolia/client-abtesting/-/client-abtesting-5.52.0.tgz 0ms (cache hit)
1748 http cache @algolia/client-analytics@https://registry.npmjs.org/@algolia/client-analytics/-/client-analytics-5.52.0.tgz 0ms (cache hit)
1749 http cache fresh@https://registry.npmjs.org/fresh/-/fresh-2.0.0.tgz 0ms (cache hit)
1750 http cache json-schema-traverse@https://registry.npmjs.org/json-schema-traverse/-/json-schema-traverse-1.0.0.tgz 0ms (cache hit)
1751 http cache @algolia/abtesting@https://registry.npmjs.org/@algolia/abtesting/-/abtesting-1.18.0.tgz 0ms (cache hit)
1752 http cache fast-deep-equal@https://registry.npmjs.org/fast-deep-equal/-/fast-deep-equal-3.1.3.tgz 0ms (cache hit)
1753 http cache fast-uri@https://registry.npmjs.org/fast-uri/-/fast-uri-3.1.3.tgz 0ms (cache hit)
1754 http cache zod-to-json-schema@https://registry.npmjs.org/zod-to-json-schema/-/zod-to-json-schema-3.25.2.tgz 0ms (cache hit)
1755 http cache typescript@https://registry.npmjs.org/typescript/-/typescript-6.0.3.tgz 0ms (cache hit)
1756 http cache json-schema-typed@https://registry.npmjs.org/json-schema-typed/-/json-schema-typed-8.0.2.tgz 0ms (cache hit)
1757 http cache raw-body@https://registry.npmjs.org/raw-body/-/raw-body-3.0.2.tgz 0ms (cache hit)
1758 http cache pkce-challenge@https://registry.npmjs.org/pkce-challenge/-/pkce-challenge-5.0.1.tgz 0ms (cache hit)
1759 http cache jose@https://registry.npmjs.org/jose/-/jose-6.2.3.tgz 0ms (cache hit)
1760 http cache express-rate-limit@https://registry.npmjs.org/express-rate-limit/-/express-rate-limit-8.5.2.tgz 0ms (cache hit)
1761 http cache express@https://registry.npmjs.org/express/-/express-5.2.1.tgz 0ms (cache hit)
1762 http cache eventsource-parser@https://registry.npmjs.org/eventsource-parser/-/eventsource-parser-3.1.0.tgz 0ms (cache hit)
1763 http cache cross-spawn@https://registry.npmjs.org/cross-spawn/-/cross-spawn-7.0.6.tgz 0ms (cache hit)
1764 http cache eventsource@https://registry.npmjs.org/eventsource/-/eventsource-3.0.7.tgz 0ms (cache hit)
1765 http cache content-type@https://registry.npmjs.org/content-type/-/content-type-1.0.5.tgz 0ms (cache hit)
1766 http cache hono@https://registry.npmjs.org/hono/-/hono-4.12.29.tgz 0ms (cache hit)
1767 http cache @hono/node-server@https://registry.npmjs.org/@hono/node-server/-/node-server-1.19.14.tgz 0ms (cache hit)
1768 http cache cors@https://registry.npmjs.org/cors/-/cors-2.8.6.tgz 0ms (cache hit)
1769 http cache @inquirer/external-editor@https://registry.npmjs.org/@inquirer/external-editor/-/external-editor-3.0.3.tgz 0ms (cache hit)
1770 http cache mute-stream@https://registry.npmjs.org/mute-stream/-/mute-stream-3.0.0.tgz 0ms (cache hit)
1771 http cache iconv-lite@https://registry.npmjs.org/iconv-lite/-/iconv-lite-0.7.3.tgz 0ms (cache hit)
1772 http cache chardet@https://registry.npmjs.org/chardet/-/chardet-2.2.0.tgz 0ms (cache hit)
1773 http cache signal-exit@https://registry.npmjs.org/signal-exit/-/signal-exit-4.1.0.tgz 0ms (cache hit)
1774 http cache fast-wrap-ansi@https://registry.npmjs.org/fast-wrap-ansi/-/fast-wrap-ansi-0.2.2.tgz 0ms (cache hit)
1775 http cache cli-width@https://registry.npmjs.org/cli-width/-/cli-width-4.1.0.tgz 0ms (cache hit)
1776 http cache @inquirer/core@https://registry.npmjs.org/@inquirer/core/-/core-11.2.1.tgz 0ms (cache hit)
1777 http cache @inquirer/figures@https://registry.npmjs.org/@inquirer/figures/-/figures-2.0.7.tgz 0ms (cache hit)
1778 http cache @inquirer/search@https://registry.npmjs.org/@inquirer/search/-/search-4.2.1.tgz 0ms (cache hit)
1779 http cache @inquirer/ansi@https://registry.npmjs.org/@inquirer/ansi/-/ansi-2.0.7.tgz 0ms (cache hit)
1780 http cache @inquirer/type@https://registry.npmjs.org/@inquirer/type/-/type-4.0.7.tgz 0ms (cache hit)
1781 http cache @inquirer/rawlist@https://registry.npmjs.org/@inquirer/rawlist/-/rawlist-5.3.1.tgz 0ms (cache hit)
1782 http cache @inquirer/select@https://registry.npmjs.org/@inquirer/select/-/select-5.2.1.tgz 0ms (cache hit)
1783 http cache @inquirer/password@https://registry.npmjs.org/@inquirer/password/-/password-5.1.1.tgz 0ms (cache hit)
1784 http cache @inquirer/number@https://registry.npmjs.org/@inquirer/number/-/number-4.1.1.tgz 0ms (cache hit)
1785 http cache @inquirer/input@https://registry.npmjs.org/@inquirer/input/-/input-5.1.2.tgz 0ms (cache hit)
1786 http cache ora@https://registry.npmjs.org/ora/-/ora-9.4.0.tgz 0ms (cache hit)
1787 http cache @inquirer/expand@https://registry.npmjs.org/@inquirer/expand/-/expand-5.1.1.tgz 0ms (cache hit)
1788 http cache @inquirer/editor@https://registry.npmjs.org/@inquirer/editor/-/editor-5.2.2.tgz 0ms (cache hit)
1789 http cache @inquirer/confirm@https://registry.npmjs.org/@inquirer/confirm/-/confirm-6.1.1.tgz 0ms (cache hit)
1790 http cache @inquirer/checkbox@https://registry.npmjs.org/@inquirer/checkbox/-/checkbox-5.2.1.tgz 0ms (cache hit)
1791 http cache source-map@https://registry.npmjs.org/source-map/-/source-map-0.7.6.tgz 0ms (cache hit)
1792 http cache picomatch@https://registry.npmjs.org/picomatch/-/picomatch-4.0.4.tgz 0ms (cache hit)
1793 http cache magic-string@https://registry.npmjs.org/magic-string/-/magic-string-0.30.21.tgz 0ms (cache hit)
1794 http cache ajv-formats@https://registry.npmjs.org/ajv-formats/-/ajv-formats-3.0.1.tgz 0ms (cache hit)
1795 http cache zod@https://registry.npmjs.org/zod/-/zod-4.4.2.tgz 0ms (cache hit)
1796 http cache ajv@https://registry.npmjs.org/ajv/-/ajv-8.20.0.tgz 0ms (cache hit)
1797 http cache rxjs@https://registry.npmjs.org/rxjs/-/rxjs-7.8.2.tgz 0ms (cache hit)
1798 http cache yargs@https://registry.npmjs.org/yargs/-/yargs-18.0.0.tgz 0ms (cache hit)
1799 http cache semver@https://registry.npmjs.org/semver/-/semver-7.7.4.tgz 0ms (cache hit)
1800 http cache parse5-html-rewriting-stream@https://registry.npmjs.org/parse5-html-rewriting-stream/-/parse5-html-rewriting-stream-8.0.1.tgz 0ms (cache hit)
1801 http cache npm-package-arg@https://registry.npmjs.org/npm-package-arg/-/npm-package-arg-13.0.2.tgz 0ms (cache hit)
1802 http cache pacote@https://registry.npmjs.org/pacote/-/pacote-21.5.1.tgz 0ms (cache hit)
1803 http cache algoliasearch@https://registry.npmjs.org/algoliasearch/-/algoliasearch-5.52.0.tgz 0ms (cache hit)
1804 http cache @yarnpkg/lockfile@https://registry.npmjs.org/@yarnpkg/lockfile/-/lockfile-1.1.0.tgz 0ms (cache hit)
1805 http cache ini@https://registry.npmjs.org/ini/-/ini-6.0.0.tgz 0ms (cache hit)
1806 http cache @schematics/angular@https://registry.npmjs.org/@schematics/angular/-/angular-22.0.6.tgz 0ms (cache hit)
1807 http cache @modelcontextprotocol/sdk@https://registry.npmjs.org/@modelcontextprotocol/sdk/-/sdk-1.29.0.tgz 0ms (cache hit)
1808 http cache jsonc-parser@https://registry.npmjs.org/jsonc-parser/-/jsonc-parser-3.3.1.tgz 0ms (cache hit)
1809 http cache listr2@https://registry.npmjs.org/listr2/-/listr2-10.2.1.tgz 0ms (cache hit)
1810 http cache @angular-devkit/schematics@https://registry.npmjs.org/@angular-devkit/schematics/-/schematics-22.0.6.tgz 0ms (cache hit)
1811 http cache @listr2/prompt-adapter-inquirer@https://registry.npmjs.org/@listr2/prompt-adapter-inquirer/-/prompt-adapter-inquirer-4.2.3.tgz 0ms (cache hit)
1812 http cache @inquirer/prompts@https://registry.npmjs.org/@inquirer/prompts/-/prompts-8.4.2.tgz 0ms (cache hit)
1813 http cache @angular-devkit/core@https://registry.npmjs.org/@angular-devkit/core/-/core-22.0.6.tgz 0ms (cache hit)
1814 http cache wrap-ansi@https://registry.npmjs.org/wrap-ansi/-/wrap-ansi-9.0.2.tgz 0ms (cache hit)
1815 http cache @angular-devkit/architect@https://registry.npmjs.org/@angular-devkit/architect/-/architect-0.2200.6.tgz 0ms (cache hit)
1816 http cache string-width@https://registry.npmjs.org/string-width/-/string-width-7.2.0.tgz 0ms (cache hit)
1817 http cache @angular/cli@https://registry.npmjs.org/@angular/cli/-/cli-22.0.6.tgz 0ms (cache hit)
1818 http cache yallist@https://registry.npmjs.org/yallist/-/yallist-4.0.0.tgz 0ms (cache hit)
1819 http cache minipass@https://registry.npmjs.org/minipass/-/minipass-3.3.6.tgz 0ms (cache hit)
1820 http cache which@https://registry.npmjs.org/which/-/which-6.0.1.tgz 0ms (cache hit)
1821 http cache minipass@https://registry.npmjs.org/minipass/-/minipass-3.3.6.tgz 0ms (cache hit)
1822 http cache isexe@https://registry.npmjs.org/isexe/-/isexe-4.0.0.tgz 0ms (cache hit)
1823 http cache yallist@https://registry.npmjs.org/yallist/-/yallist-4.0.0.tgz 0ms (cache hit)
1824 http cache isexe@https://registry.npmjs.org/isexe/-/isexe-4.0.0.tgz 0ms (cache hit)
1825 http cache which@https://registry.npmjs.org/which/-/which-6.0.1.tgz 0ms (cache hit)
1826 http cache which@https://registry.npmjs.org/which/-/which-6.0.1.tgz 0ms (cache hit)
1827 http cache content-type@https://registry.npmjs.org/content-type/-/content-type-2.0.0.tgz 0ms (cache hit)
1828 http cache wrap-ansi@https://registry.npmjs.org/wrap-ansi/-/wrap-ansi-9.0.2.tgz 0ms (cache hit)
1829 http cache isexe@https://registry.npmjs.org/isexe/-/isexe-4.0.0.tgz 0ms (cache hit)
1830 http cache slice-ansi@https://registry.npmjs.org/slice-ansi/-/slice-ansi-7.1.2.tgz 0ms (cache hit)
1831 http cache string-width@https://registry.npmjs.org/string-width/-/string-width-7.2.0.tgz 0ms (cache hit)
1832 http cache content-type@https://registry.npmjs.org/content-type/-/content-type-2.0.0.tgz 0ms (cache hit)
1833 silly tarball no local data for emoji-regex@https://registry.npmjs.org/emoji-regex/-/emoji-regex-10.6.0.tgz. Extracting by manifest.
1834 silly tarball no local data for get-caller-file@https://registry.npmjs.org/get-caller-file/-/get-caller-file-2.0.5.tgz. Extracting by manifest.
1835 silly tarball no local data for yargs-parser@https://registry.npmjs.org/yargs-parser/-/yargs-parser-22.0.0.tgz. Extracting by manifest.
1836 silly tarball no local data for y18n@https://registry.npmjs.org/y18n/-/y18n-5.0.8.tgz. Extracting by manifest.
1837 http cache string-width@https://registry.npmjs.org/string-width/-/string-width-7.2.0.tgz 0ms (cache hit)
1838 silly tarball no local data for escalade@https://registry.npmjs.org/escalade/-/escalade-3.2.0.tgz. Extracting by manifest.
1839 silly tarball no local data for cliui@https://registry.npmjs.org/cliui/-/cliui-9.0.1.tgz. Extracting by manifest.
1840 silly tarball no local data for media-typer@https://registry.npmjs.org/media-typer/-/media-typer-1.1.0.tgz. Extracting by manifest.
1841 silly tarball no local data for isexe@https://registry.npmjs.org/isexe/-/isexe-2.0.0.tgz. Extracting by manifest.
1842 silly tarball no local data for @isaacs/fs-minipass@https://registry.npmjs.org/@isaacs/fs-minipass/-/fs-minipass-4.0.1.tgz. Extracting by manifest.
1843 silly tarball no local data for @tufjs/canonical-json@https://registry.npmjs.org/@tufjs/canonical-json/-/canonical-json-2.0.0.tgz. Extracting by manifest.
1844 silly tarball no local data for @tufjs/models@https://registry.npmjs.org/@tufjs/models/-/models-4.1.0.tgz. Extracting by manifest.
1845 silly tarball no local data for fdir@https://registry.npmjs.org/fdir/-/fdir-6.5.0.tgz. Extracting by manifest.
1846 silly tarball no local data for yallist@https://registry.npmjs.org/yallist/-/yallist-5.0.0.tgz. Extracting by manifest.
1847 silly tarball no local data for chownr@https://registry.npmjs.org/chownr/-/chownr-3.0.0.tgz. Extracting by manifest.
1848 silly tarball no local data for smart-buffer@https://registry.npmjs.org/smart-buffer/-/smart-buffer-4.2.0.tgz. Extracting by manifest.
1849 silly tarball no local data for spdx-license-ids@https://registry.npmjs.org/spdx-license-ids/-/spdx-license-ids-3.0.23.tgz. Extracting by manifest.
1850 silly tarball no local data for ansi-regex@https://registry.npmjs.org/ansi-regex/-/ansi-regex-6.2.2.tgz. Extracting by manifest.
1851 silly tarball no local data for socks@https://registry.npmjs.org/socks/-/socks-2.8.9.tgz. Extracting by manifest.
1852 silly tarball no local data for ansi-styles@https://registry.npmjs.org/ansi-styles/-/ansi-styles-6.2.3.tgz. Extracting by manifest.
1853 silly tarball no local data for tuf-js@https://registry.npmjs.org/tuf-js/-/tuf-js-4.1.0.tgz. Extracting by manifest.
1854 silly tarball no local data for is-fullwidth-code-point@https://registry.npmjs.org/is-fullwidth-code-point/-/is-fullwidth-code-point-5.1.0.tgz. Extracting by manifest.
1855 silly tarball no local data for get-east-asian-width@https://registry.npmjs.org/get-east-asian-width/-/get-east-asian-width-1.6.0.tgz. Extracting by manifest.
1856 silly tarball no local data for @sigstore/verify@https://registry.npmjs.org/@sigstore/verify/-/verify-3.1.1.tgz. Extracting by manifest.
1857 silly tarball no local data for spdx-exceptions@https://registry.npmjs.org/spdx-exceptions/-/spdx-exceptions-2.5.0.tgz. Extracting by manifest.
1858 silly tarball no local data for @sigstore/sign@https://registry.npmjs.org/@sigstore/sign/-/sign-4.1.1.tgz. Extracting by manifest.
1859 silly tarball no local data for @sigstore/protobuf-specs@https://registry.npmjs.org/@sigstore/protobuf-specs/-/protobuf-specs-0.5.1.tgz. Extracting by manifest.
1860 silly tarball no local data for @sigstore/tuf@https://registry.npmjs.org/@sigstore/tuf/-/tuf-4.0.2.tgz. Extracting by manifest.
1861 silly tarball no local data for @sigstore/core@https://registry.npmjs.org/@sigstore/core/-/core-3.2.1.tgz. Extracting by manifest.
1862 silly tarball no local data for math-intrinsics@https://registry.npmjs.org/math-intrinsics/-/math-intrinsics-1.1.0.tgz. Extracting by manifest.
1863 silly tarball no local data for dunder-proto@https://registry.npmjs.org/dunder-proto/-/dunder-proto-1.0.1.tgz. Extracting by manifest.
1864 silly tarball no local data for hasown@https://registry.npmjs.org/hasown/-/hasown-2.0.4.tgz. Extracting by manifest.
1865 silly tarball no local data for has-symbols@https://registry.npmjs.org/has-symbols/-/has-symbols-1.1.0.tgz. Extracting by manifest.
1866 silly tarball no local data for get-proto@https://registry.npmjs.org/get-proto/-/get-proto-1.0.1.tgz. Extracting by manifest.
1867 silly tarball no local data for es-object-atoms@https://registry.npmjs.org/es-object-atoms/-/es-object-atoms-1.1.2.tgz. Extracting by manifest.
1868 silly tarball no local data for gopd@https://registry.npmjs.org/gopd/-/gopd-1.2.0.tgz. Extracting by manifest.
1869 silly tarball no local data for function-bind@https://registry.npmjs.org/function-bind/-/function-bind-1.1.2.tgz. Extracting by manifest.
1870 silly tarball no local data for call-bind-apply-helpers@https://registry.npmjs.org/call-bind-apply-helpers/-/call-bind-apply-helpers-1.0.2.tgz. Extracting by manifest.
1871 silly tarball no local data for get-intrinsic@https://registry.npmjs.org/get-intrinsic/-/get-intrinsic-1.3.0.tgz. Extracting by manifest.
1872 silly tarball no local data for @sigstore/bundle@https://registry.npmjs.org/@sigstore/bundle/-/bundle-4.0.0.tgz. Extracting by manifest.
1873 silly tarball no local data for side-channel-weakmap@https://registry.npmjs.org/side-channel-weakmap/-/side-channel-weakmap-1.0.2.tgz. Extracting by manifest.
1874 silly tarball no local data for call-bound@https://registry.npmjs.org/call-bound/-/call-bound-1.0.4.tgz. Extracting by manifest.
1875 silly tarball no local data for side-channel-map@https://registry.npmjs.org/side-channel-map/-/side-channel-map-1.0.1.tgz. Extracting by manifest.
1876 silly tarball no local data for object-inspect@https://registry.npmjs.org/object-inspect/-/object-inspect-1.13.4.tgz. Extracting by manifest.
1877 silly tarball no local data for es-errors@https://registry.npmjs.org/es-errors/-/es-errors-1.3.0.tgz. Extracting by manifest.
1878 silly tarball no local data for side-channel-list@https://registry.npmjs.org/side-channel-list/-/side-channel-list-1.0.1.tgz. Extracting by manifest.
1879 silly tarball no local data for shebang-regex@https://registry.npmjs.org/shebang-regex/-/shebang-regex-3.0.0.tgz. Extracting by manifest.
1880 silly tarball no local data for path-to-regexp@https://registry.npmjs.org/path-to-regexp/-/path-to-regexp-8.4.2.tgz. Extracting by manifest.
1881 silly tarball no local data for is-promise@https://registry.npmjs.org/is-promise/-/is-promise-4.0.0.tgz. Extracting by manifest.
1882 silly tarball no local data for tslib@https://registry.npmjs.org/tslib/-/tslib-2.8.1.tgz. Extracting by manifest.
1883 silly tarball no local data for unpipe@https://registry.npmjs.org/unpipe/-/unpipe-1.0.0.tgz. Extracting by manifest.
1884 silly tarball no local data for mimic-function@https://registry.npmjs.org/mimic-function/-/mimic-function-5.0.1.tgz. Extracting by manifest.
1885 silly tarball no local data for onetime@https://registry.npmjs.org/onetime/-/onetime-7.0.0.tgz. Extracting by manifest.
1886 silly tarball no local data for side-channel@https://registry.npmjs.org/side-channel/-/side-channel-1.1.1.tgz. Extracting by manifest.
1887 silly tarball no local data for es-define-property@https://registry.npmjs.org/es-define-property/-/es-define-property-1.0.1.tgz. Extracting by manifest.
1888 silly tarball no local data for forwarded@https://registry.npmjs.org/forwarded/-/forwarded-0.2.0.tgz. Extracting by manifest.
1889 silly tarball no local data for ipaddr.js@https://registry.npmjs.org/ipaddr.js/-/ipaddr.js-1.9.1.tgz. Extracting by manifest.
1890 silly tarball no local data for parse5@https://registry.npmjs.org/parse5/-/parse5-8.0.1.tgz. Extracting by manifest.
1891 silly tarball no local data for parse5-sax-parser@https://registry.npmjs.org/parse5-sax-parser/-/parse5-sax-parser-8.0.0.tgz. Extracting by manifest.
1892 silly tarball no local data for entities@https://registry.npmjs.org/entities/-/entities-8.0.0.tgz. Extracting by manifest.
1893 silly tarball no local data for socks-proxy-agent@https://registry.npmjs.org/socks-proxy-agent/-/socks-proxy-agent-8.0.5.tgz. Extracting by manifest.
1894 silly tarball no local data for minipass-sized@https://registry.npmjs.org/minipass-sized/-/minipass-sized-2.0.0.tgz. Extracting by manifest.
1895 silly tarball no local data for https-proxy-agent@https://registry.npmjs.org/https-proxy-agent/-/https-proxy-agent-7.0.6.tgz. Extracting by manifest.
1896 silly tarball no local data for agent-base@https://registry.npmjs.org/agent-base/-/agent-base-7.1.4.tgz. Extracting by manifest.
1897 silly tarball no local data for http-proxy-agent@https://registry.npmjs.org/http-proxy-agent/-/http-proxy-agent-7.0.2.tgz. Extracting by manifest.
1898 silly tarball no local data for minizlib@https://registry.npmjs.org/minizlib/-/minizlib-3.1.0.tgz. Extracting by manifest.
1899 silly tarball no local data for http-cache-semantics@https://registry.npmjs.org/http-cache-semantics/-/http-cache-semantics-4.2.0.tgz. Extracting by manifest.
1900 silly tarball no local data for minipass-fetch@https://registry.npmjs.org/minipass-fetch/-/minipass-fetch-5.0.2.tgz. Extracting by manifest.
1901 silly tarball no local data for make-fetch-happen@https://registry.npmjs.org/make-fetch-happen/-/make-fetch-happen-15.0.6.tgz. Extracting by manifest.
1902 silly tarball no local data for @npmcli/agent@https://registry.npmjs.org/@npmcli/agent/-/agent-4.0.2.tgz. Extracting by manifest.
1903 silly tarball no local data for npm-install-checks@https://registry.npmjs.org/npm-install-checks/-/npm-install-checks-8.0.0.tgz. Extracting by manifest.
1904 silly tarball no local data for @npmcli/redact@https://registry.npmjs.org/@npmcli/redact/-/redact-4.0.0.tgz. Extracting by manifest.
1905 silly tarball no local data for jsonparse@https://registry.npmjs.org/jsonparse/-/jsonparse-1.3.1.tgz. Extracting by manifest.
1906 silly tarball no local data for ignore-walk@https://registry.npmjs.org/ignore-walk/-/ignore-walk-8.0.0.tgz. Extracting by manifest.
1907 silly tarball no local data for undici@https://registry.npmjs.org/undici/-/undici-6.27.0.tgz. Extracting by manifest.
1908 silly tarball no local data for nopt@https://registry.npmjs.org/nopt/-/nopt-9.0.0.tgz. Extracting by manifest.
1909 silly tarball no local data for abbrev@https://registry.npmjs.org/abbrev/-/abbrev-4.0.0.tgz. Extracting by manifest.
1910 silly tarball no local data for graceful-fs@https://registry.npmjs.org/graceful-fs/-/graceful-fs-4.2.11.tgz. Extracting by manifest.
1911 silly tarball no local data for tinyglobby@https://registry.npmjs.org/tinyglobby/-/tinyglobby-0.2.17.tgz. Extracting by manifest.
1912 silly tarball no local data for balanced-match@https://registry.npmjs.org/balanced-match/-/balanced-match-4.0.4.tgz. Extracting by manifest.
1913 silly tarball no local data for env-paths@https://registry.npmjs.org/env-paths/-/env-paths-2.2.1.tgz. Extracting by manifest.
1914 silly tarball no local data for exponential-backoff@https://registry.npmjs.org/exponential-backoff/-/exponential-backoff-3.1.3.tgz. Extracting by manifest.
1915 silly tarball no local data for path-scurry@https://registry.npmjs.org/path-scurry/-/path-scurry-2.0.2.tgz. Extracting by manifest.
1916 silly tarball no local data for brace-expansion@https://registry.npmjs.org/brace-expansion/-/brace-expansion-5.0.7.tgz. Extracting by manifest.
1917 silly tarball no local data for minimatch@https://registry.npmjs.org/minimatch/-/minimatch-10.2.5.tgz. Extracting by manifest.
1918 silly tarball no local data for p-map@https://registry.npmjs.org/p-map/-/p-map-7.0.5.tgz. Extracting by manifest.
1919 silly tarball no local data for minipass-flush@https://registry.npmjs.org/minipass-flush/-/minipass-flush-1.0.7.tgz. Extracting by manifest.
1920 silly tarball no local data for minipass-pipeline@https://registry.npmjs.org/minipass-pipeline/-/minipass-pipeline-1.2.4.tgz. Extracting by manifest.
1921 silly tarball no local data for node-gyp@https://registry.npmjs.org/node-gyp/-/node-gyp-12.4.0.tgz. Extracting by manifest.
1922 silly tarball no local data for minipass-collect@https://registry.npmjs.org/minipass-collect/-/minipass-collect-2.0.1.tgz. Extracting by manifest.
1923 silly tarball no local data for @npmcli/node-gyp@https://registry.npmjs.org/@npmcli/node-gyp/-/node-gyp-5.0.0.tgz. Extracting by manifest.
1924 silly tarball no local data for json-parse-even-better-errors@https://registry.npmjs.org/json-parse-even-better-errors/-/json-parse-even-better-errors-5.0.0.tgz. Extracting by manifest.
1925 silly tarball no local data for @npmcli/fs@https://registry.npmjs.org/@npmcli/fs/-/fs-5.0.0.tgz. Extracting by manifest.
1926 silly tarball no local data for glob@https://registry.npmjs.org/glob/-/glob-13.0.6.tgz. Extracting by manifest.
1927 silly tarball no local data for npm-normalize-package-bin@https://registry.npmjs.org/npm-normalize-package-bin/-/npm-normalize-package-bin-5.0.0.tgz. Extracting by manifest.
1928 silly tarball no local data for spdx-expression-parse@https://registry.npmjs.org/spdx-expression-parse/-/spdx-expression-parse-4.0.0.tgz. Extracting by manifest.
1929 silly tarball no local data for npm-bundled@https://registry.npmjs.org/npm-bundled/-/npm-bundled-5.0.0.tgz. Extracting by manifest.
1930 silly tarball no local data for ssri@https://registry.npmjs.org/ssri/-/ssri-13.0.1.tgz. Extracting by manifest.
1931 silly tarball no local data for tar@https://registry.npmjs.org/tar/-/tar-7.5.19.tgz. Extracting by manifest.
1932 silly tarball no local data for sigstore@https://registry.npmjs.org/sigstore/-/sigstore-4.1.1.tgz. Extracting by manifest.
1933 silly tarball no local data for npm-pick-manifest@https://registry.npmjs.org/npm-pick-manifest/-/npm-pick-manifest-11.0.3.tgz. Extracting by manifest.
1934 silly tarball no local data for minipass@https://registry.npmjs.org/minipass/-/minipass-7.1.3.tgz. Extracting by manifest.
1935 silly tarball no local data for npm-packlist@https://registry.npmjs.org/npm-packlist/-/npm-packlist-10.0.4.tgz. Extracting by manifest.
1936 silly tarball no local data for fs-minipass@https://registry.npmjs.org/fs-minipass/-/fs-minipass-3.0.3.tgz. Extracting by manifest.
1937 silly tarball no local data for npm-registry-fetch@https://registry.npmjs.org/npm-registry-fetch/-/npm-registry-fetch-19.1.1.tgz. Extracting by manifest.
1938 silly tarball no local data for @npmcli/package-json@https://registry.npmjs.org/@npmcli/package-json/-/package-json-7.0.5.tgz. Extracting by manifest.
1939 silly tarball no local data for @npmcli/run-script@https://registry.npmjs.org/@npmcli/run-script/-/run-script-10.0.4.tgz. Extracting by manifest.
1940 silly tarball no local data for cacache@https://registry.npmjs.org/cacache/-/cacache-20.0.4.tgz. Extracting by manifest.
1941 silly tarball no local data for @npmcli/promise-spawn@https://registry.npmjs.org/@npmcli/promise-spawn/-/promise-spawn-9.0.1.tgz. Extracting by manifest.
1942 silly tarball no local data for @gar/promise-retry@https://registry.npmjs.org/@gar/promise-retry/-/promise-retry-1.0.3.tgz. Extracting by manifest.
1943 silly tarball no local data for @npmcli/git@https://registry.npmjs.org/@npmcli/git/-/git-7.0.2.tgz. Extracting by manifest.
1944 silly tarball no local data for yoctocolors@https://registry.npmjs.org/yoctocolors/-/yoctocolors-2.1.2.tgz. Extracting by manifest.
1945 silly tarball no local data for @npmcli/installed-package-contents@https://registry.npmjs.org/@npmcli/installed-package-contents/-/installed-package-contents-4.0.0.tgz. Extracting by manifest.
1946 silly tarball no local data for log-symbols@https://registry.npmjs.org/log-symbols/-/log-symbols-7.0.1.tgz. Extracting by manifest.
1947 silly tarball no local data for stdin-discarder@https://registry.npmjs.org/stdin-discarder/-/stdin-discarder-0.3.2.tgz. Extracting by manifest.
1948 silly tarball no local data for is-interactive@https://registry.npmjs.org/is-interactive/-/is-interactive-2.0.0.tgz. Extracting by manifest.
1949 silly tarball no local data for cli-spinners@https://registry.npmjs.org/cli-spinners/-/cli-spinners-3.4.0.tgz. Extracting by manifest.
1950 silly tarball no local data for chalk@https://registry.npmjs.org/chalk/-/chalk-5.6.2.tgz. Extracting by manifest.
1951 silly tarball no local data for is-unicode-supported@https://registry.npmjs.org/is-unicode-supported/-/is-unicode-supported-2.1.0.tgz. Extracting by manifest.
1952 silly tarball no local data for lru-cache@https://registry.npmjs.org/lru-cache/-/lru-cache-11.5.2.tgz. Extracting by manifest.
1953 silly tarball no local data for wrappy@https://registry.npmjs.org/wrappy/-/wrappy-1.0.2.tgz. Extracting by manifest.
1954 silly tarball no local data for validate-npm-package-name@https://registry.npmjs.org/validate-npm-package-name/-/validate-npm-package-name-7.0.2.tgz. Extracting by manifest.
1955 silly tarball no local data for proc-log@https://registry.npmjs.org/proc-log/-/proc-log-6.1.0.tgz. Extracting by manifest.
1956 silly tarball no local data for ee-first@https://registry.npmjs.org/ee-first/-/ee-first-1.1.1.tgz. Extracting by manifest.
1957 silly tarball no local data for mime-db@https://registry.npmjs.org/mime-db/-/mime-db-1.54.0.tgz. Extracting by manifest.
1958 silly tarball no local data for @jridgewell/sourcemap-codec@https://registry.npmjs.org/@jridgewell/sourcemap-codec/-/sourcemap-codec-1.5.5.tgz. Extracting by manifest.
1959 silly tarball no local data for hosted-git-info@https://registry.npmjs.org/hosted-git-info/-/hosted-git-info-9.0.3.tgz. Extracting by manifest.
1960 silly tarball no local data for restore-cursor@https://registry.npmjs.org/restore-cursor/-/restore-cursor-5.1.0.tgz. Extracting by manifest.
1961 silly tarball no local data for environment@https://registry.npmjs.org/environment/-/environment-1.1.0.tgz. Extracting by manifest.
1962 silly tarball no local data for string-width@https://registry.npmjs.org/string-width/-/string-width-8.2.2.tgz. Extracting by manifest.
1963 silly tarball no local data for cli-cursor@https://registry.npmjs.org/cli-cursor/-/cli-cursor-5.0.0.tgz. Extracting by manifest.
1964 silly tarball no local data for strip-ansi@https://registry.npmjs.org/strip-ansi/-/strip-ansi-7.2.0.tgz. Extracting by manifest.
1965 silly tarball no local data for ansi-escapes@https://registry.npmjs.org/ansi-escapes/-/ansi-escapes-7.3.0.tgz. Extracting by manifest.
1966 silly tarball no local data for wrap-ansi@https://registry.npmjs.org/wrap-ansi/-/wrap-ansi-10.0.0.tgz. Extracting by manifest.
1967 silly tarball no local data for slice-ansi@https://registry.npmjs.org/slice-ansi/-/slice-ansi-8.0.0.tgz. Extracting by manifest.
1968 silly tarball no local data for eventemitter3@https://registry.npmjs.org/eventemitter3/-/eventemitter3-5.0.4.tgz. Extracting by manifest.
1969 silly tarball no local data for rfdc@https://registry.npmjs.org/rfdc/-/rfdc-1.4.1.tgz. Extracting by manifest.
1970 silly tarball no local data for log-update@https://registry.npmjs.org/log-update/-/log-update-6.1.0.tgz. Extracting by manifest.
1971 silly tarball no local data for safer-buffer@https://registry.npmjs.org/safer-buffer/-/safer-buffer-2.1.2.tgz. Extracting by manifest.
1972 silly tarball no local data for cli-truncate@https://registry.npmjs.org/cli-truncate/-/cli-truncate-5.2.0.tgz. Extracting by manifest.
1973 silly tarball no local data for toidentifier@https://registry.npmjs.org/toidentifier/-/toidentifier-1.0.1.tgz. Extracting by manifest.
1974 silly tarball no local data for fast-string-truncated-width@https://registry.npmjs.org/fast-string-truncated-width/-/fast-string-truncated-width-3.0.3.tgz. Extracting by manifest.
1975 silly tarball no local data for inherits@https://registry.npmjs.org/inherits/-/inherits-2.0.4.tgz. Extracting by manifest.
1976 silly tarball no local data for setprototypeof@https://registry.npmjs.org/setprototypeof/-/setprototypeof-1.2.0.tgz. Extracting by manifest.
1977 silly tarball no local data for ip-address@https://registry.npmjs.org/ip-address/-/ip-address-10.2.0.tgz. Extracting by manifest.
1978 silly tarball no local data for ms@https://registry.npmjs.org/ms/-/ms-2.1.3.tgz. Extracting by manifest.
1979 silly tarball no local data for fast-string-width@https://registry.npmjs.org/fast-string-width/-/fast-string-width-3.0.2.tgz. Extracting by manifest.
1980 silly tarball no local data for bytes@https://registry.npmjs.org/bytes/-/bytes-3.1.2.tgz. Extracting by manifest.
1981 silly tarball no local data for type-is@https://registry.npmjs.org/type-is/-/type-is-2.1.0.tgz. Extracting by manifest.
1982 silly tarball no local data for negotiator@https://registry.npmjs.org/negotiator/-/negotiator-1.0.0.tgz. Extracting by manifest.
1983 silly tarball no local data for serve-static@https://registry.npmjs.org/serve-static/-/serve-static-2.2.1.tgz. Extracting by manifest.
1984 silly tarball no local data for statuses@https://registry.npmjs.org/statuses/-/statuses-2.0.2.tgz. Extracting by manifest.
1985 silly tarball no local data for send@https://registry.npmjs.org/send/-/send-1.2.1.tgz. Extracting by manifest.
1986 silly tarball no local data for router@https://registry.npmjs.org/router/-/router-2.2.0.tgz. Extracting by manifest.
1987 silly tarball no local data for range-parser@https://registry.npmjs.org/range-parser/-/range-parser-1.3.0.tgz. Extracting by manifest.
1988 silly tarball no local data for once@https://registry.npmjs.org/once/-/once-1.4.0.tgz. Extracting by manifest.
1989 silly tarball no local data for qs@https://registry.npmjs.org/qs/-/qs-6.15.3.tgz. Extracting by manifest.
1990 silly tarball no local data for proxy-addr@https://registry.npmjs.org/proxy-addr/-/proxy-addr-2.0.7.tgz. Extracting by manifest.
1991 silly tarball no local data for parseurl@https://registry.npmjs.org/parseurl/-/parseurl-1.3.3.tgz. Extracting by manifest.
1992 silly tarball no local data for on-finished@https://registry.npmjs.org/on-finished/-/on-finished-2.4.1.tgz. Extracting by manifest.
1993 silly tarball no local data for http-errors@https://registry.npmjs.org/http-errors/-/http-errors-2.0.1.tgz. Extracting by manifest.
1994 silly tarball no local data for mime-types@https://registry.npmjs.org/mime-types/-/mime-types-3.0.2.tgz. Extracting by manifest.
1995 silly tarball no local data for merge-descriptors@https://registry.npmjs.org/merge-descriptors/-/merge-descriptors-2.0.0.tgz. Extracting by manifest.
1996 silly tarball no local data for finalhandler@https://registry.npmjs.org/finalhandler/-/finalhandler-2.1.1.tgz. Extracting by manifest.
1997 silly tarball no local data for etag@https://registry.npmjs.org/etag/-/etag-1.8.1.tgz. Extracting by manifest.
1998 silly tarball no local data for encodeurl@https://registry.npmjs.org/encodeurl/-/encodeurl-2.0.0.tgz. Extracting by manifest.
1999 silly tarball no local data for escape-html@https://registry.npmjs.org/escape-html/-/escape-html-1.0.3.tgz. Extracting by manifest.
2000 silly tarball no local data for depd@https://registry.npmjs.org/depd/-/depd-2.0.0.tgz. Extracting by manifest.
2001 silly tarball no local data for cookie@https://registry.npmjs.org/cookie/-/cookie-0.7.2.tgz. Extracting by manifest.
2002 silly tarball no local data for cookie-signature@https://registry.npmjs.org/cookie-signature/-/cookie-signature-1.2.2.tgz. Extracting by manifest.
2003 silly tarball no local data for debug@https://registry.npmjs.org/debug/-/debug-4.4.3.tgz. Extracting by manifest.
2004 silly tarball no local data for content-disposition@https://registry.npmjs.org/content-disposition/-/content-disposition-1.1.0.tgz. Extracting by manifest.
2005 silly tarball no local data for accepts@https://registry.npmjs.org/accepts/-/accepts-2.0.0.tgz. Extracting by manifest.
2006 silly tarball no local data for body-parser@https://registry.npmjs.org/body-parser/-/body-parser-2.3.0.tgz. Extracting by manifest.
2007 silly tarball no local data for which@https://registry.npmjs.org/which/-/which-2.0.2.tgz. Extracting by manifest.
2008 silly tarball no local data for path-key@https://registry.npmjs.org/path-key/-/path-key-3.1.1.tgz. Extracting by manifest.
2009 silly tarball no local data for shebang-command@https://registry.npmjs.org/shebang-command/-/shebang-command-2.0.0.tgz. Extracting by manifest.
2010 silly tarball no local data for object-assign@https://registry.npmjs.org/object-assign/-/object-assign-4.1.1.tgz. Extracting by manifest.
2011 silly tarball no local data for vary@https://registry.npmjs.org/vary/-/vary-1.1.2.tgz. Extracting by manifest.
2012 silly tarball no local data for @algolia/monitoring@https://registry.npmjs.org/@algolia/monitoring/-/monitoring-1.52.0.tgz. Extracting by manifest.
2013 silly tarball no local data for @algolia/requester-browser-xhr@https://registry.npmjs.org/@algolia/requester-browser-xhr/-/requester-browser-xhr-5.52.0.tgz. Extracting by manifest.
2014 silly tarball no local data for @algolia/requester-fetch@https://registry.npmjs.org/@algolia/requester-fetch/-/requester-fetch-5.52.0.tgz. Extracting by manifest.
2015 silly tarball no local data for @algolia/requester-node-http@https://registry.npmjs.org/@algolia/requester-node-http/-/requester-node-http-5.52.0.tgz. Extracting by manifest.
2016 silly tarball no local data for @algolia/recommend@https://registry.npmjs.org/@algolia/recommend/-/recommend-5.52.0.tgz. Extracting by manifest.
2017 silly tarball no local data for @algolia/client-search@https://registry.npmjs.org/@algolia/client-search/-/client-search-5.52.0.tgz. Extracting by manifest.
2018 silly tarball no local data for @algolia/client-query-suggestions@https://registry.npmjs.org/@algolia/client-query-suggestions/-/client-query-suggestions-5.52.0.tgz. Extracting by manifest.
2019 silly tarball no local data for @algolia/client-insights@https://registry.npmjs.org/@algolia/client-insights/-/client-insights-5.52.0.tgz. Extracting by manifest.
2020 silly tarball no local data for @algolia/ingestion@https://registry.npmjs.org/@algolia/ingestion/-/ingestion-1.52.0.tgz. Extracting by manifest.
2021 silly tarball no local data for @algolia/client-personalization@https://registry.npmjs.org/@algolia/client-personalization/-/client-personalization-5.52.0.tgz. Extracting by manifest.
2022 silly tarball no local data for @algolia/client-common@https://registry.npmjs.org/@algolia/client-common/-/client-common-5.52.0.tgz. Extracting by manifest.
2023 silly tarball no local data for require-from-string@https://registry.npmjs.org/require-from-string/-/require-from-string-2.0.2.tgz. Extracting by manifest.
2024 silly tarball no local data for @algolia/client-abtesting@https://registry.npmjs.org/@algolia/client-abtesting/-/client-abtesting-5.52.0.tgz. Extracting by manifest.
2025 silly tarball no local data for @algolia/client-analytics@https://registry.npmjs.org/@algolia/client-analytics/-/client-analytics-5.52.0.tgz. Extracting by manifest.
2026 silly tarball no local data for fresh@https://registry.npmjs.org/fresh/-/fresh-2.0.0.tgz. Extracting by manifest.
2027 silly tarball no local data for json-schema-traverse@https://registry.npmjs.org/json-schema-traverse/-/json-schema-traverse-1.0.0.tgz. Extracting by manifest.
2028 silly tarball no local data for @algolia/abtesting@https://registry.npmjs.org/@algolia/abtesting/-/abtesting-1.18.0.tgz. Extracting by manifest.
2029 silly tarball no local data for fast-deep-equal@https://registry.npmjs.org/fast-deep-equal/-/fast-deep-equal-3.1.3.tgz. Extracting by manifest.
2030 silly tarball no local data for fast-uri@https://registry.npmjs.org/fast-uri/-/fast-uri-3.1.3.tgz. Extracting by manifest.
2031 silly tarball no local data for zod-to-json-schema@https://registry.npmjs.org/zod-to-json-schema/-/zod-to-json-schema-3.25.2.tgz. Extracting by manifest.
2032 silly tarball no local data for typescript@https://registry.npmjs.org/typescript/-/typescript-6.0.3.tgz. Extracting by manifest.
2033 silly tarball no local data for json-schema-typed@https://registry.npmjs.org/json-schema-typed/-/json-schema-typed-8.0.2.tgz. Extracting by manifest.
2034 silly tarball no local data for raw-body@https://registry.npmjs.org/raw-body/-/raw-body-3.0.2.tgz. Extracting by manifest.
2035 silly tarball no local data for pkce-challenge@https://registry.npmjs.org/pkce-challenge/-/pkce-challenge-5.0.1.tgz. Extracting by manifest.
2036 silly tarball no local data for jose@https://registry.npmjs.org/jose/-/jose-6.2.3.tgz. Extracting by manifest.
2037 silly tarball no local data for express-rate-limit@https://registry.npmjs.org/express-rate-limit/-/express-rate-limit-8.5.2.tgz. Extracting by manifest.
2038 silly tarball no local data for express@https://registry.npmjs.org/express/-/express-5.2.1.tgz. Extracting by manifest.
2039 silly tarball no local data for eventsource-parser@https://registry.npmjs.org/eventsource-parser/-/eventsource-parser-3.1.0.tgz. Extracting by manifest.
2040 silly tarball no local data for cross-spawn@https://registry.npmjs.org/cross-spawn/-/cross-spawn-7.0.6.tgz. Extracting by manifest.
2041 silly tarball no local data for eventsource@https://registry.npmjs.org/eventsource/-/eventsource-3.0.7.tgz. Extracting by manifest.
2042 silly tarball no local data for content-type@https://registry.npmjs.org/content-type/-/content-type-1.0.5.tgz. Extracting by manifest.
2043 silly tarball no local data for hono@https://registry.npmjs.org/hono/-/hono-4.12.29.tgz. Extracting by manifest.
2044 silly tarball no local data for @hono/node-server@https://registry.npmjs.org/@hono/node-server/-/node-server-1.19.14.tgz. Extracting by manifest.
2045 silly tarball no local data for cors@https://registry.npmjs.org/cors/-/cors-2.8.6.tgz. Extracting by manifest.
2046 silly tarball no local data for @inquirer/external-editor@https://registry.npmjs.org/@inquirer/external-editor/-/external-editor-3.0.3.tgz. Extracting by manifest.
2047 silly tarball no local data for mute-stream@https://registry.npmjs.org/mute-stream/-/mute-stream-3.0.0.tgz. Extracting by manifest.
2048 silly tarball no local data for iconv-lite@https://registry.npmjs.org/iconv-lite/-/iconv-lite-0.7.3.tgz. Extracting by manifest.
2049 silly tarball no local data for chardet@https://registry.npmjs.org/chardet/-/chardet-2.2.0.tgz. Extracting by manifest.
2050 silly tarball no local data for signal-exit@https://registry.npmjs.org/signal-exit/-/signal-exit-4.1.0.tgz. Extracting by manifest.
2051 silly tarball no local data for fast-wrap-ansi@https://registry.npmjs.org/fast-wrap-ansi/-/fast-wrap-ansi-0.2.2.tgz. Extracting by manifest.
2052 silly tarball no local data for cli-width@https://registry.npmjs.org/cli-width/-/cli-width-4.1.0.tgz. Extracting by manifest.
2053 silly tarball no local data for @inquirer/core@https://registry.npmjs.org/@inquirer/core/-/core-11.2.1.tgz. Extracting by manifest.
2054 silly tarball no local data for @inquirer/figures@https://registry.npmjs.org/@inquirer/figures/-/figures-2.0.7.tgz. Extracting by manifest.
2055 silly tarball no local data for @inquirer/search@https://registry.npmjs.org/@inquirer/search/-/search-4.2.1.tgz. Extracting by manifest.
2056 silly tarball no local data for @inquirer/ansi@https://registry.npmjs.org/@inquirer/ansi/-/ansi-2.0.7.tgz. Extracting by manifest.
2057 silly tarball no local data for @inquirer/type@https://registry.npmjs.org/@inquirer/type/-/type-4.0.7.tgz. Extracting by manifest.
2058 silly tarball no local data for @inquirer/rawlist@https://registry.npmjs.org/@inquirer/rawlist/-/rawlist-5.3.1.tgz. Extracting by manifest.
2059 silly tarball no local data for @inquirer/password@https://registry.npmjs.org/@inquirer/password/-/password-5.1.1.tgz. Extracting by manifest.
2060 silly tarball no local data for @inquirer/number@https://registry.npmjs.org/@inquirer/number/-/number-4.1.1.tgz. Extracting by manifest.
2061 silly tarball no local data for @inquirer/select@https://registry.npmjs.org/@inquirer/select/-/select-5.2.1.tgz. Extracting by manifest.
2062 silly tarball no local data for @inquirer/input@https://registry.npmjs.org/@inquirer/input/-/input-5.1.2.tgz. Extracting by manifest.
2063 silly tarball no local data for ora@https://registry.npmjs.org/ora/-/ora-9.4.0.tgz. Extracting by manifest.
2064 silly tarball no local data for @inquirer/expand@https://registry.npmjs.org/@inquirer/expand/-/expand-5.1.1.tgz. Extracting by manifest.
2065 silly tarball no local data for @inquirer/editor@https://registry.npmjs.org/@inquirer/editor/-/editor-5.2.2.tgz. Extracting by manifest.
2066 silly tarball no local data for @inquirer/confirm@https://registry.npmjs.org/@inquirer/confirm/-/confirm-6.1.1.tgz. Extracting by manifest.
2067 silly tarball no local data for @inquirer/checkbox@https://registry.npmjs.org/@inquirer/checkbox/-/checkbox-5.2.1.tgz. Extracting by manifest.
2068 silly tarball no local data for source-map@https://registry.npmjs.org/source-map/-/source-map-0.7.6.tgz. Extracting by manifest.
2069 silly tarball no local data for picomatch@https://registry.npmjs.org/picomatch/-/picomatch-4.0.4.tgz. Extracting by manifest.
2070 silly tarball no local data for magic-string@https://registry.npmjs.org/magic-string/-/magic-string-0.30.21.tgz. Extracting by manifest.
2071 silly tarball no local data for ajv-formats@https://registry.npmjs.org/ajv-formats/-/ajv-formats-3.0.1.tgz. Extracting by manifest.
2072 silly tarball no local data for zod@https://registry.npmjs.org/zod/-/zod-4.4.2.tgz. Extracting by manifest.
2073 silly tarball no local data for ajv@https://registry.npmjs.org/ajv/-/ajv-8.20.0.tgz. Extracting by manifest.
2074 silly tarball no local data for rxjs@https://registry.npmjs.org/rxjs/-/rxjs-7.8.2.tgz. Extracting by manifest.
2075 silly tarball no local data for yargs@https://registry.npmjs.org/yargs/-/yargs-18.0.0.tgz. Extracting by manifest.
2076 silly tarball no local data for semver@https://registry.npmjs.org/semver/-/semver-7.7.4.tgz. Extracting by manifest.
2077 silly tarball no local data for parse5-html-rewriting-stream@https://registry.npmjs.org/parse5-html-rewriting-stream/-/parse5-html-rewriting-stream-8.0.1.tgz. Extracting by manifest.
2078 silly tarball no local data for npm-package-arg@https://registry.npmjs.org/npm-package-arg/-/npm-package-arg-13.0.2.tgz. Extracting by manifest.
2079 silly tarball no local data for pacote@https://registry.npmjs.org/pacote/-/pacote-21.5.1.tgz. Extracting by manifest.
2080 silly tarball no local data for algoliasearch@https://registry.npmjs.org/algoliasearch/-/algoliasearch-5.52.0.tgz. Extracting by manifest.
2081 silly tarball no local data for @yarnpkg/lockfile@https://registry.npmjs.org/@yarnpkg/lockfile/-/lockfile-1.1.0.tgz. Extracting by manifest.
2082 silly tarball no local data for ini@https://registry.npmjs.org/ini/-/ini-6.0.0.tgz. Extracting by manifest.
2083 silly tarball no local data for @schematics/angular@https://registry.npmjs.org/@schematics/angular/-/angular-22.0.6.tgz. Extracting by manifest.
2084 silly tarball no local data for @modelcontextprotocol/sdk@https://registry.npmjs.org/@modelcontextprotocol/sdk/-/sdk-1.29.0.tgz. Extracting by manifest.
2085 silly tarball no local data for jsonc-parser@https://registry.npmjs.org/jsonc-parser/-/jsonc-parser-3.3.1.tgz. Extracting by manifest.
2086 silly tarball no local data for listr2@https://registry.npmjs.org/listr2/-/listr2-10.2.1.tgz. Extracting by manifest.
2087 silly tarball no local data for @angular-devkit/schematics@https://registry.npmjs.org/@angular-devkit/schematics/-/schematics-22.0.6.tgz. Extracting by manifest.
2088 silly tarball no local data for @listr2/prompt-adapter-inquirer@https://registry.npmjs.org/@listr2/prompt-adapter-inquirer/-/prompt-adapter-inquirer-4.2.3.tgz. Extracting by manifest.
2089 silly tarball no local data for @inquirer/prompts@https://registry.npmjs.org/@inquirer/prompts/-/prompts-8.4.2.tgz. Extracting by manifest.
2090 silly tarball no local data for @angular-devkit/core@https://registry.npmjs.org/@angular-devkit/core/-/core-22.0.6.tgz. Extracting by manifest.
2091 silly tarball no local data for wrap-ansi@https://registry.npmjs.org/wrap-ansi/-/wrap-ansi-9.0.2.tgz. Extracting by manifest.
2092 silly tarball no local data for @angular-devkit/architect@https://registry.npmjs.org/@angular-devkit/architect/-/architect-0.2200.6.tgz. Extracting by manifest.
2093 silly tarball no local data for string-width@https://registry.npmjs.org/string-width/-/string-width-7.2.0.tgz. Extracting by manifest.
2094 silly tarball no local data for @angular/cli@https://registry.npmjs.org/@angular/cli/-/cli-22.0.6.tgz. Extracting by manifest.
2095 silly tarball no local data for yallist@https://registry.npmjs.org/yallist/-/yallist-4.0.0.tgz. Extracting by manifest.
2096 silly tarball no local data for minipass@https://registry.npmjs.org/minipass/-/minipass-3.3.6.tgz. Extracting by manifest.
2097 silly tarball no local data for which@https://registry.npmjs.org/which/-/which-6.0.1.tgz. Extracting by manifest.
2098 silly tarball no local data for minipass@https://registry.npmjs.org/minipass/-/minipass-3.3.6.tgz. Extracting by manifest.
2099 silly tarball no local data for isexe@https://registry.npmjs.org/isexe/-/isexe-4.0.0.tgz. Extracting by manifest.
2100 silly tarball no local data for yallist@https://registry.npmjs.org/yallist/-/yallist-4.0.0.tgz. Extracting by manifest.
2101 silly tarball no local data for isexe@https://registry.npmjs.org/isexe/-/isexe-4.0.0.tgz. Extracting by manifest.
2102 silly tarball no local data for which@https://registry.npmjs.org/which/-/which-6.0.1.tgz. Extracting by manifest.
2103 silly tarball no local data for which@https://registry.npmjs.org/which/-/which-6.0.1.tgz. Extracting by manifest.
2104 silly tarball no local data for content-type@https://registry.npmjs.org/content-type/-/content-type-2.0.0.tgz. Extracting by manifest.
2105 silly tarball no local data for wrap-ansi@https://registry.npmjs.org/wrap-ansi/-/wrap-ansi-9.0.2.tgz. Extracting by manifest.
2106 silly tarball no local data for isexe@https://registry.npmjs.org/isexe/-/isexe-4.0.0.tgz. Extracting by manifest.
2107 silly tarball no local data for slice-ansi@https://registry.npmjs.org/slice-ansi/-/slice-ansi-7.1.2.tgz. Extracting by manifest.
2108 silly tarball no local data for string-width@https://registry.npmjs.org/string-width/-/string-width-7.2.0.tgz. Extracting by manifest.
2109 silly tarball no local data for content-type@https://registry.npmjs.org/content-type/-/content-type-2.0.0.tgz. Extracting by manifest.
2110 silly tarball no local data for string-width@https://registry.npmjs.org/string-width/-/string-width-7.2.0.tgz. Extracting by manifest.
2111 http fetch POST 200 https://registry.npmjs.org/-/npm/v1/security/advisories/bulk 590ms
2112 silly audit report {}
2113 http fetch GET 200 https://registry.npmjs.org/media-typer/-/media-typer-1.1.0.tgz 394ms (cache miss)
2114 http fetch GET 200 https://registry.npmjs.org/escalade/-/escalade-3.2.0.tgz 403ms (cache miss)
2115 http fetch GET 200 https://registry.npmjs.org/isexe/-/isexe-2.0.0.tgz 401ms (cache miss)
2116 http fetch GET 200 https://registry.npmjs.org/get-caller-file/-/get-caller-file-2.0.5.tgz 411ms (cache miss)
2117 http fetch GET 200 https://registry.npmjs.org/y18n/-/y18n-5.0.8.tgz 408ms (cache miss)
2118 http fetch GET 200 https://registry.npmjs.org/emoji-regex/-/emoji-regex-10.6.0.tgz 414ms (cache miss)
2119 http fetch GET 200 https://registry.npmjs.org/ansi-regex/-/ansi-regex-6.2.2.tgz 410ms (cache miss)
2120 http fetch GET 200 https://registry.npmjs.org/@tufjs/canonical-json/-/canonical-json-2.0.0.tgz 420ms (cache miss)
2121 http fetch GET 200 https://registry.npmjs.org/ansi-styles/-/ansi-styles-6.2.3.tgz 423ms (cache miss)
2122 http fetch GET 200 https://registry.npmjs.org/tuf-js/-/tuf-js-4.1.0.tgz 427ms (cache miss)
2123 http fetch GET 200 https://registry.npmjs.org/is-fullwidth-code-point/-/is-fullwidth-code-point-5.1.0.tgz 426ms (cache miss)
2124 http fetch GET 200 https://registry.npmjs.org/spdx-license-ids/-/spdx-license-ids-3.0.23.tgz 436ms (cache miss)
2125 http fetch GET 200 https://registry.npmjs.org/get-east-asian-width/-/get-east-asian-width-1.6.0.tgz 458ms (cache miss)
2126 http fetch GET 200 https://registry.npmjs.org/spdx-exceptions/-/spdx-exceptions-2.5.0.tgz 460ms (cache miss)
2127 http fetch GET 200 https://registry.npmjs.org/gopd/-/gopd-1.2.0.tgz 541ms (cache miss)
2128 http fetch GET 200 https://registry.npmjs.org/es-object-atoms/-/es-object-atoms-1.1.2.tgz 555ms (cache miss)
2129 http fetch GET 200 https://registry.npmjs.org/math-intrinsics/-/math-intrinsics-1.1.0.tgz 559ms (cache miss)
2130 http fetch GET 200 https://registry.npmjs.org/fdir/-/fdir-6.5.0.tgz 575ms (cache miss)
2131 http fetch GET 200 https://registry.npmjs.org/call-bind-apply-helpers/-/call-bind-apply-helpers-1.0.2.tgz 562ms (cache miss)
2132 http fetch GET 200 https://registry.npmjs.org/cliui/-/cliui-9.0.1.tgz 599ms (cache miss)
2133 http fetch GET 200 https://registry.npmjs.org/@sigstore/bundle/-/bundle-4.0.0.tgz 596ms (cache miss)
2134 http fetch GET 200 https://registry.npmjs.org/is-promise/-/is-promise-4.0.0.tgz 611ms (cache miss)
2135 http fetch GET 200 https://registry.npmjs.org/side-channel-map/-/side-channel-map-1.0.1.tgz 620ms (cache miss)
2136 http fetch GET 200 https://registry.npmjs.org/shebang-regex/-/shebang-regex-3.0.0.tgz 619ms (cache miss)
2137 http fetch GET 200 https://registry.npmjs.org/has-symbols/-/has-symbols-1.1.0.tgz 639ms (cache miss)
2138 http fetch GET 200 https://registry.npmjs.org/unpipe/-/unpipe-1.0.0.tgz 666ms (cache miss)
2139 http fetch GET 200 https://registry.npmjs.org/mimic-function/-/mimic-function-5.0.1.tgz 667ms (cache miss)
2140 http fetch GET 200 https://registry.npmjs.org/forwarded/-/forwarded-0.2.0.tgz 668ms (cache miss)
2141 http fetch GET 200 https://registry.npmjs.org/yargs-parser/-/yargs-parser-22.0.0.tgz 705ms (cache miss)
2142 http fetch GET 200 https://registry.npmjs.org/hasown/-/hasown-2.0.4.tgz 690ms (cache miss)
2143 http fetch GET 200 https://registry.npmjs.org/side-channel/-/side-channel-1.1.1.tgz 686ms (cache miss)
2144 http fetch GET 200 https://registry.npmjs.org/parse5-sax-parser/-/parse5-sax-parser-8.0.0.tgz 730ms (cache miss)
2145 http fetch GET 200 https://registry.npmjs.org/onetime/-/onetime-7.0.0.tgz 746ms (cache miss)
2146 http fetch GET 200 https://registry.npmjs.org/http-proxy-agent/-/http-proxy-agent-7.0.2.tgz 832ms (cache miss)
2147 http fetch GET 200 https://registry.npmjs.org/https-proxy-agent/-/https-proxy-agent-7.0.6.tgz 847ms (cache miss)
2148 http fetch GET 200 https://registry.npmjs.org/http-cache-semantics/-/http-cache-semantics-4.2.0.tgz 883ms (cache miss)
2149 http fetch GET 200 https://registry.npmjs.org/nopt/-/nopt-9.0.0.tgz 879ms (cache miss)
2150 http fetch GET 200 https://registry.npmjs.org/minipass-sized/-/minipass-sized-2.0.0.tgz 904ms (cache miss)
2151 http fetch GET 200 https://registry.npmjs.org/graceful-fs/-/graceful-fs-4.2.11.tgz 903ms (cache miss)
2152 http fetch GET 200 https://registry.npmjs.org/abbrev/-/abbrev-4.0.0.tgz 904ms (cache miss)
2153 http fetch GET 200 https://registry.npmjs.org/ignore-walk/-/ignore-walk-8.0.0.tgz 916ms (cache miss)
2154 http fetch GET 200 https://registry.npmjs.org/@npmcli/redact/-/redact-4.0.0.tgz 938ms (cache miss)
2155 http fetch GET 200 https://registry.npmjs.org/function-bind/-/function-bind-1.1.2.tgz 958ms (cache miss)
2156 http fetch GET 200 https://registry.npmjs.org/tinyglobby/-/tinyglobby-0.2.17.tgz 943ms (cache miss)
2157 http fetch GET 200 https://registry.npmjs.org/balanced-match/-/balanced-match-4.0.4.tgz 944ms (cache miss)
2158 http fetch GET 200 https://registry.npmjs.org/env-paths/-/env-paths-2.2.1.tgz 950ms (cache miss)
2159 http fetch GET 200 https://registry.npmjs.org/minipass-flush/-/minipass-flush-1.0.7.tgz 949ms (cache miss)
2160 http fetch GET 200 https://registry.npmjs.org/get-intrinsic/-/get-intrinsic-1.3.0.tgz 975ms (cache miss)
2161 http fetch GET 200 https://registry.npmjs.org/minipass-pipeline/-/minipass-pipeline-1.2.4.tgz 970ms (cache miss)
2162 http fetch GET 200 https://registry.npmjs.org/dunder-proto/-/dunder-proto-1.0.1.tgz 1001ms (cache miss)
2163 http fetch GET 200 https://registry.npmjs.org/minipass-collect/-/minipass-collect-2.0.1.tgz 974ms (cache miss)
2164 http fetch GET 200 https://registry.npmjs.org/exponential-backoff/-/exponential-backoff-3.1.3.tgz 979ms (cache miss)
2165 http fetch GET 200 https://registry.npmjs.org/json-parse-even-better-errors/-/json-parse-even-better-errors-5.0.0.tgz 1006ms (cache miss)
2166 http fetch GET 200 https://registry.npmjs.org/spdx-expression-parse/-/spdx-expression-parse-4.0.0.tgz 1003ms (cache miss)
2167 http fetch GET 200 https://registry.npmjs.org/@npmcli/fs/-/fs-5.0.0.tgz 1008ms (cache miss)
2168 http fetch GET 200 https://registry.npmjs.org/@sigstore/tuf/-/tuf-4.0.2.tgz 1062ms (cache miss)
2169 http fetch GET 200 https://registry.npmjs.org/npm-bundled/-/npm-bundled-5.0.0.tgz 1027ms (cache miss)
2170 http fetch GET 200 https://registry.npmjs.org/npm-packlist/-/npm-packlist-10.0.4.tgz 1032ms (cache miss)
2171 http fetch GET 200 https://registry.npmjs.org/npm-normalize-package-bin/-/npm-normalize-package-bin-5.0.0.tgz 1052ms (cache miss)
2172 http fetch GET 200 https://registry.npmjs.org/call-bound/-/call-bound-1.0.4.tgz 1087ms (cache miss)
2173 http fetch GET 200 https://registry.npmjs.org/@npmcli/node-gyp/-/node-gyp-5.0.0.tgz 1063ms (cache miss)
2174 http fetch GET 200 https://registry.npmjs.org/npm-pick-manifest/-/npm-pick-manifest-11.0.3.tgz 1056ms (cache miss)
2175 http fetch GET 200 https://registry.npmjs.org/side-channel-weakmap/-/side-channel-weakmap-1.0.2.tgz 1092ms (cache miss)
2176 http fetch GET 200 https://registry.npmjs.org/log-symbols/-/log-symbols-7.0.1.tgz 1048ms (cache miss)
2177 http fetch GET 200 https://registry.npmjs.org/stdin-discarder/-/stdin-discarder-0.3.2.tgz 1048ms (cache miss)
2178 http fetch GET 200 https://registry.npmjs.org/ipaddr.js/-/ipaddr.js-1.9.1.tgz 1091ms (cache miss)
2179 http fetch GET 200 https://registry.npmjs.org/fs-minipass/-/fs-minipass-3.0.3.tgz 1065ms (cache miss)
2180 http fetch GET 200 https://registry.npmjs.org/npm-install-checks/-/npm-install-checks-8.0.0.tgz 1091ms (cache miss)
2181 http fetch GET 200 https://registry.npmjs.org/is-unicode-supported/-/is-unicode-supported-2.1.0.tgz 1061ms (cache miss)
2182 http fetch GET 200 https://registry.npmjs.org/get-proto/-/get-proto-1.0.1.tgz 1128ms (cache miss)
2183 http fetch GET 200 https://registry.npmjs.org/cli-spinners/-/cli-spinners-3.4.0.tgz 1080ms (cache miss)
2184 http fetch GET 200 https://registry.npmjs.org/@npmcli/promise-spawn/-/promise-spawn-9.0.1.tgz 1088ms (cache miss)
2185 http fetch GET 200 https://registry.npmjs.org/proc-log/-/proc-log-6.1.0.tgz 1090ms (cache miss)
2186 http fetch GET 200 https://registry.npmjs.org/p-map/-/p-map-7.0.5.tgz 1123ms (cache miss)
2187 http fetch GET 200 https://registry.npmjs.org/hosted-git-info/-/hosted-git-info-9.0.3.tgz 1095ms (cache miss)
2188 http fetch GET 200 https://registry.npmjs.org/validate-npm-package-name/-/validate-npm-package-name-7.0.2.tgz 1101ms (cache miss)
2189 http fetch GET 200 https://registry.npmjs.org/is-interactive/-/is-interactive-2.0.0.tgz 1106ms (cache miss)
2190 http fetch GET 200 https://registry.npmjs.org/es-define-property/-/es-define-property-1.0.1.tgz 1148ms (cache miss)
2191 http fetch GET 200 https://registry.npmjs.org/restore-cursor/-/restore-cursor-5.1.0.tgz 1104ms (cache miss)
2192 http fetch GET 200 https://registry.npmjs.org/wrappy/-/wrappy-1.0.2.tgz 1113ms (cache miss)
2193 http fetch GET 200 https://registry.npmjs.org/smart-buffer/-/smart-buffer-4.2.0.tgz 1180ms (cache miss)
2194 http fetch GET 200 https://registry.npmjs.org/ee-first/-/ee-first-1.1.1.tgz 1116ms (cache miss)
2195 http fetch GET 200 https://registry.npmjs.org/chownr/-/chownr-3.0.0.tgz 1187ms (cache miss)
2196 http fetch GET 200 https://registry.npmjs.org/environment/-/environment-1.1.0.tgz 1132ms (cache miss)
2197 http fetch GET 200 https://registry.npmjs.org/@npmcli/installed-package-contents/-/installed-package-contents-4.0.0.tgz 1147ms (cache miss)
2198 http fetch GET 200 https://registry.npmjs.org/path-to-regexp/-/path-to-regexp-8.4.2.tgz 1189ms (cache miss)
2199 http fetch GET 200 https://registry.npmjs.org/side-channel-list/-/side-channel-list-1.0.1.tgz 1196ms (cache miss)
2200 http fetch GET 200 https://registry.npmjs.org/npm-registry-fetch/-/npm-registry-fetch-19.1.1.tgz 1163ms (cache miss)
2201 http fetch GET 200 https://registry.npmjs.org/@npmcli/package-json/-/package-json-7.0.5.tgz 1164ms (cache miss)
2202 http fetch GET 200 https://registry.npmjs.org/yallist/-/yallist-5.0.0.tgz 1218ms (cache miss)
2203 http fetch GET 200 https://registry.npmjs.org/cli-cursor/-/cli-cursor-5.0.0.tgz 1151ms (cache miss)
2204 http fetch GET 200 https://registry.npmjs.org/strip-ansi/-/strip-ansi-7.2.0.tgz 1152ms (cache miss)
2205 http fetch GET 200 https://registry.npmjs.org/socks-proxy-agent/-/socks-proxy-agent-8.0.5.tgz 1215ms (cache miss)
2206 http fetch GET 200 https://registry.npmjs.org/string-width/-/string-width-8.2.2.tgz 1172ms (cache miss)
2207 http fetch GET 200 https://registry.npmjs.org/log-update/-/log-update-6.1.0.tgz 1183ms (cache miss)
2208 http fetch GET 200 https://registry.npmjs.org/slice-ansi/-/slice-ansi-8.0.0.tgz 1189ms (cache miss)
2209 http fetch GET 200 https://registry.npmjs.org/rfdc/-/rfdc-1.4.1.tgz 1189ms (cache miss)
2210 http fetch GET 200 https://registry.npmjs.org/cli-truncate/-/cli-truncate-5.2.0.tgz 1190ms (cache miss)
2211 http fetch GET 200 https://registry.npmjs.org/wrap-ansi/-/wrap-ansi-10.0.0.tgz 1195ms (cache miss)
2212 http fetch GET 200 https://registry.npmjs.org/yoctocolors/-/yoctocolors-2.1.2.tgz 1217ms (cache miss)
2213 http fetch GET 200 https://registry.npmjs.org/ms/-/ms-2.1.3.tgz 1206ms (cache miss)
2214 http fetch GET 200 https://registry.npmjs.org/setprototypeof/-/setprototypeof-1.2.0.tgz 1208ms (cache miss)
2215 http fetch GET 200 https://registry.npmjs.org/@gar/promise-retry/-/promise-retry-1.0.3.tgz 1239ms (cache miss)
2216 http fetch GET 200 https://registry.npmjs.org/fast-string-width/-/fast-string-width-3.0.2.tgz 1221ms (cache miss)
2217 http fetch GET 200 https://registry.npmjs.org/bytes/-/bytes-3.1.2.tgz 1220ms (cache miss)
2218 http fetch GET 200 https://registry.npmjs.org/toidentifier/-/toidentifier-1.0.1.tgz 1229ms (cache miss)
2219 http fetch GET 200 https://registry.npmjs.org/inherits/-/inherits-2.0.4.tgz 1237ms (cache miss)
2220 http fetch GET 200 https://registry.npmjs.org/eventemitter3/-/eventemitter3-5.0.4.tgz 1243ms (cache miss)
2221 http fetch GET 200 https://registry.npmjs.org/serve-static/-/serve-static-2.2.1.tgz 1240ms (cache miss)
2222 http fetch GET 200 https://registry.npmjs.org/fast-string-truncated-width/-/fast-string-truncated-width-3.0.3.tgz 1249ms (cache miss)
2223 http fetch GET 200 https://registry.npmjs.org/type-is/-/type-is-2.1.0.tgz 1255ms (cache miss)
2224 http fetch GET 200 https://registry.npmjs.org/once/-/once-1.4.0.tgz 1263ms (cache miss)
2225 http fetch GET 200 https://registry.npmjs.org/send/-/send-1.2.1.tgz 1272ms (cache miss)
2226 http fetch GET 200 https://registry.npmjs.org/statuses/-/statuses-2.0.2.tgz 1275ms (cache miss)
2227 http fetch GET 200 https://registry.npmjs.org/parseurl/-/parseurl-1.3.3.tgz 1271ms (cache miss)
2228 http fetch GET 200 https://registry.npmjs.org/proxy-addr/-/proxy-addr-2.0.7.tgz 1275ms (cache miss)
2229 http fetch GET 200 https://registry.npmjs.org/ssri/-/ssri-13.0.1.tgz 1339ms (cache miss)
2230 http fetch GET 200 https://registry.npmjs.org/merge-descriptors/-/merge-descriptors-2.0.0.tgz 1294ms (cache miss)
2231 http fetch GET 200 https://registry.npmjs.org/etag/-/etag-1.8.1.tgz 1293ms (cache miss)
2232 http fetch GET 200 https://registry.npmjs.org/encodeurl/-/encodeurl-2.0.0.tgz 1312ms (cache miss)
2233 http fetch GET 200 https://registry.npmjs.org/cookie-signature/-/cookie-signature-1.2.2.tgz 1316ms (cache miss)
2234 http fetch GET 200 https://registry.npmjs.org/mime-types/-/mime-types-3.0.2.tgz 1325ms (cache miss)
2235 http fetch GET 200 https://registry.npmjs.org/escape-html/-/escape-html-1.0.3.tgz 1321ms (cache miss)
2236 http fetch GET 200 https://registry.npmjs.org/ansi-escapes/-/ansi-escapes-7.3.0.tgz 1349ms (cache miss)
2237 http fetch GET 200 https://registry.npmjs.org/on-finished/-/on-finished-2.4.1.tgz 1329ms (cache miss)
2238 http fetch GET 200 https://registry.npmjs.org/http-errors/-/http-errors-2.0.1.tgz 1330ms (cache miss)
2239 http fetch GET 200 https://registry.npmjs.org/accepts/-/accepts-2.0.0.tgz 1325ms (cache miss)
2240 http fetch GET 200 https://registry.npmjs.org/path-key/-/path-key-3.1.1.tgz 1327ms (cache miss)
2241 http fetch GET 200 https://registry.npmjs.org/which/-/which-2.0.2.tgz 1329ms (cache miss)
2242 http fetch GET 200 https://registry.npmjs.org/range-parser/-/range-parser-1.3.0.tgz 1343ms (cache miss)
2243 http fetch GET 200 https://registry.npmjs.org/finalhandler/-/finalhandler-2.1.1.tgz 1339ms (cache miss)
2244 http fetch GET 200 https://registry.npmjs.org/shebang-command/-/shebang-command-2.0.0.tgz 1356ms (cache miss)
2245 http fetch GET 200 https://registry.npmjs.org/object-assign/-/object-assign-4.1.1.tgz 1357ms (cache miss)
2246 http fetch GET 200 https://registry.npmjs.org/content-disposition/-/content-disposition-1.1.0.tgz 1361ms (cache miss)
2247 http fetch GET 200 https://registry.npmjs.org/vary/-/vary-1.1.2.tgz 1367ms (cache miss)
2248 http fetch GET 200 https://registry.npmjs.org/cookie/-/cookie-0.7.2.tgz 1374ms (cache miss)
2249 http fetch GET 200 https://registry.npmjs.org/require-from-string/-/require-from-string-2.0.2.tgz 1371ms (cache miss)
2250 http fetch GET 200 https://registry.npmjs.org/safer-buffer/-/safer-buffer-2.1.2.tgz 1430ms (cache miss)
2251 http fetch GET 200 https://registry.npmjs.org/@npmcli/agent/-/agent-4.0.2.tgz 1480ms (cache miss)
2252 http fetch GET 200 https://registry.npmjs.org/@algolia/requester-browser-xhr/-/requester-browser-xhr-5.52.0.tgz 1409ms (cache miss)
2253 http fetch GET 200 https://registry.npmjs.org/fresh/-/fresh-2.0.0.tgz 1421ms (cache miss)
2254 http fetch GET 200 https://registry.npmjs.org/@algolia/requester-fetch/-/requester-fetch-5.52.0.tgz 1431ms (cache miss)
2255 http fetch GET 200 https://registry.npmjs.org/minipass-fetch/-/minipass-fetch-5.0.2.tgz 1506ms (cache miss)
2256 http fetch GET 200 https://registry.npmjs.org/depd/-/depd-2.0.0.tgz 1439ms (cache miss)
2257 http fetch GET 200 https://registry.npmjs.org/sigstore/-/sigstore-4.1.1.tgz 1498ms (cache miss)
2258 http fetch GET 200 https://registry.npmjs.org/tslib/-/tslib-2.8.1.tgz 1531ms (cache miss)
2259 http fetch GET 200 https://registry.npmjs.org/pkce-challenge/-/pkce-challenge-5.0.1.tgz 1443ms (cache miss)
2260 http fetch GET 200 https://registry.npmjs.org/router/-/router-2.2.0.tgz 1484ms (cache miss)
2261 http fetch GET 200 https://registry.npmjs.org/mime-db/-/mime-db-1.54.0.tgz 1515ms (cache miss)
2262 http fetch GET 200 https://registry.npmjs.org/raw-body/-/raw-body-3.0.2.tgz 1474ms (cache miss)
2263 http fetch GET 200 https://registry.npmjs.org/cross-spawn/-/cross-spawn-7.0.6.tgz 1480ms (cache miss)
2264 http fetch GET 200 https://registry.npmjs.org/agent-base/-/agent-base-7.1.4.tgz 1577ms (cache miss)
2265 http fetch GET 200 https://registry.npmjs.org/cors/-/cors-2.8.6.tgz 1517ms (cache miss)
2266 http fetch GET 200 https://registry.npmjs.org/@inquirer/external-editor/-/external-editor-3.0.3.tgz 1518ms (cache miss)
2267 http fetch GET 200 https://registry.npmjs.org/debug/-/debug-4.4.3.tgz 1558ms (cache miss)
2268 http fetch GET 200 https://registry.npmjs.org/content-type/-/content-type-1.0.5.tgz 1548ms (cache miss)
2269 http fetch GET 200 https://registry.npmjs.org/@isaacs/fs-minipass/-/fs-minipass-4.0.1.tgz 1671ms (cache miss)
2270 http fetch GET 200 https://registry.npmjs.org/es-errors/-/es-errors-1.3.0.tgz 1653ms (cache miss)
2271 http fetch GET 200 https://registry.npmjs.org/mute-stream/-/mute-stream-3.0.0.tgz 1561ms (cache miss)
2272 http fetch GET 200 https://registry.npmjs.org/negotiator/-/negotiator-1.0.0.tgz 1606ms (cache miss)
2273 http fetch GET 200 https://registry.npmjs.org/signal-exit/-/signal-exit-4.1.0.tgz 1572ms (cache miss)
2274 http fetch GET 200 https://registry.npmjs.org/@inquirer/figures/-/figures-2.0.7.tgz 1596ms (cache miss)
2275 http fetch GET 200 https://registry.npmjs.org/cli-width/-/cli-width-4.1.0.tgz 1598ms (cache miss)
2276 http fetch GET 200 https://registry.npmjs.org/@inquirer/search/-/search-4.2.1.tgz 1607ms (cache miss)
2277 http fetch GET 200 https://registry.npmjs.org/make-fetch-happen/-/make-fetch-happen-15.0.6.tgz 1711ms (cache miss)
2278 http fetch GET 200 https://registry.npmjs.org/fast-wrap-ansi/-/fast-wrap-ansi-0.2.2.tgz 1618ms (cache miss)
2279 http fetch GET 200 https://registry.npmjs.org/@inquirer/type/-/type-4.0.7.tgz 1632ms (cache miss)
2280 http fetch GET 200 https://registry.npmjs.org/@inquirer/ansi/-/ansi-2.0.7.tgz 1639ms (cache miss)
2281 http fetch GET 200 https://registry.npmjs.org/@inquirer/number/-/number-4.1.1.tgz 1638ms (cache miss)
2282 http fetch GET 200 https://registry.npmjs.org/@inquirer/select/-/select-5.2.1.tgz 1640ms (cache miss)
2283 http fetch GET 200 https://registry.npmjs.org/jsonparse/-/jsonparse-1.3.1.tgz 1751ms (cache miss)
2284 http fetch GET 200 https://registry.npmjs.org/@inquirer/input/-/input-5.1.2.tgz 1654ms (cache miss)
2285 http fetch GET 200 https://registry.npmjs.org/@inquirer/password/-/password-5.1.1.tgz 1662ms (cache miss)
2286 http fetch GET 200 https://registry.npmjs.org/@inquirer/rawlist/-/rawlist-5.3.1.tgz 1673ms (cache miss)
2287 http fetch GET 200 https://registry.npmjs.org/@inquirer/editor/-/editor-5.2.2.tgz 1672ms (cache miss)
2288 http fetch GET 200 https://registry.npmjs.org/ora/-/ora-9.4.0.tgz 1676ms (cache miss)
2289 http fetch GET 200 https://registry.npmjs.org/@npmcli/run-script/-/run-script-10.0.4.tgz 1754ms (cache miss)
2290 http fetch GET 200 https://registry.npmjs.org/@inquirer/checkbox/-/checkbox-5.2.1.tgz 1690ms (cache miss)
2291 http fetch GET 200 https://registry.npmjs.org/@inquirer/expand/-/expand-5.1.1.tgz 1702ms (cache miss)
2292 http fetch GET 200 https://registry.npmjs.org/@inquirer/confirm/-/confirm-6.1.1.tgz 1703ms (cache miss)
2293 http fetch GET 200 https://registry.npmjs.org/@algolia/requester-node-http/-/requester-node-http-5.52.0.tgz 1731ms (cache miss)
2294 http fetch GET 200 https://registry.npmjs.org/json-schema-typed/-/json-schema-typed-8.0.2.tgz 1746ms (cache miss)
2295 http fetch GET 200 https://registry.npmjs.org/body-parser/-/body-parser-2.3.0.tgz 1770ms (cache miss)
2296 http fetch GET 200 https://registry.npmjs.org/fast-deep-equal/-/fast-deep-equal-3.1.3.tgz 1766ms (cache miss)
2297 http fetch GET 200 https://registry.npmjs.org/brace-expansion/-/brace-expansion-5.0.7.tgz 1863ms (cache miss)
2298 http fetch GET 200 https://registry.npmjs.org/express-rate-limit/-/express-rate-limit-8.5.2.tgz 1803ms (cache miss)
2299 http fetch GET 200 https://registry.npmjs.org/express/-/express-5.2.1.tgz 1829ms (cache miss)
2300 http fetch GET 200 https://registry.npmjs.org/parse5-html-rewriting-stream/-/parse5-html-rewriting-stream-8.0.1.tgz 1813ms (cache miss)
2301 http fetch GET 200 https://registry.npmjs.org/json-schema-traverse/-/json-schema-traverse-1.0.0.tgz 1841ms (cache miss)
2302 http fetch GET 200 https://registry.npmjs.org/@npmcli/git/-/git-7.0.2.tgz 1900ms (cache miss)
2303 http fetch GET 200 https://registry.npmjs.org/chalk/-/chalk-5.6.2.tgz 1902ms (cache miss)
2304 http fetch GET 200 https://registry.npmjs.org/npm-package-arg/-/npm-package-arg-13.0.2.tgz 1829ms (cache miss)
2305 http fetch GET 200 https://registry.npmjs.org/@algolia/client-common/-/client-common-5.52.0.tgz 1867ms (cache miss)
2306 http fetch GET 200 https://registry.npmjs.org/ini/-/ini-6.0.0.tgz 1873ms (cache miss)
2307 http fetch GET 200 https://registry.npmjs.org/@listr2/prompt-adapter-inquirer/-/prompt-adapter-inquirer-4.2.3.tgz 1923ms (cache miss)
2308 http fetch GET 200 https://registry.npmjs.org/@inquirer/prompts/-/prompts-8.4.2.tgz 1930ms (cache miss)
2309 http fetch GET 200 https://registry.npmjs.org/wrap-ansi/-/wrap-ansi-9.0.2.tgz 2010ms (cache miss)
2310 http fetch GET 200 https://registry.npmjs.org/cacache/-/cacache-20.0.4.tgz 2114ms (cache miss)
2311 http fetch GET 200 https://registry.npmjs.org/@yarnpkg/lockfile/-/lockfile-1.1.0.tgz 2032ms (cache miss)
2312 http fetch GET 200 https://registry.npmjs.org/string-width/-/string-width-7.2.0.tgz 2035ms (cache miss)
2313 http fetch GET 200 https://registry.npmjs.org/yallist/-/yallist-4.0.0.tgz 2037ms (cache miss)
2314 http fetch GET 200 https://registry.npmjs.org/minipass/-/minipass-3.3.6.tgz 2044ms (cache miss)
2315 http fetch GET 200 https://registry.npmjs.org/minipass/-/minipass-7.1.3.tgz 2162ms (cache miss)
2316 http fetch GET 200 https://registry.npmjs.org/isexe/-/isexe-4.0.0.tgz 2058ms (cache miss)
2317 http fetch GET 200 https://registry.npmjs.org/picomatch/-/picomatch-4.0.4.tgz 2081ms (cache miss)
2318 http fetch GET 200 https://registry.npmjs.org/which/-/which-6.0.1.tgz 2062ms (cache miss)
2319 http fetch GET 200 https://registry.npmjs.org/yallist/-/yallist-4.0.0.tgz 2072ms (cache miss)
2320 http fetch GET 200 https://registry.npmjs.org/minipass/-/minipass-3.3.6.tgz 2083ms (cache miss)
2321 http fetch GET 200 https://registry.npmjs.org/eventsource/-/eventsource-3.0.7.tgz 2123ms (cache miss)
2322 http fetch GET 200 https://registry.npmjs.org/wrap-ansi/-/wrap-ansi-9.0.2.tgz 2086ms (cache miss)
2323 http fetch GET 200 https://registry.npmjs.org/which/-/which-6.0.1.tgz 2092ms (cache miss)
2324 http fetch GET 200 https://registry.npmjs.org/which/-/which-6.0.1.tgz 2093ms (cache miss)
2325 http fetch GET 200 https://registry.npmjs.org/content-type/-/content-type-2.0.0.tgz 2094ms (cache miss)
2326 http fetch GET 200 https://registry.npmjs.org/string-width/-/string-width-7.2.0.tgz 2095ms (cache miss)
2327 http fetch GET 200 https://registry.npmjs.org/string-width/-/string-width-7.2.0.tgz 2093ms (cache miss)
2328 http fetch GET 200 https://registry.npmjs.org/slice-ansi/-/slice-ansi-7.1.2.tgz 2115ms (cache miss)
2329 http fetch GET 200 https://registry.npmjs.org/content-type/-/content-type-2.0.0.tgz 2122ms (cache miss)
2330 http fetch GET 200 https://registry.npmjs.org/listr2/-/listr2-10.2.1.tgz 2164ms (cache miss)
2331 http fetch GET 200 https://registry.npmjs.org/path-scurry/-/path-scurry-2.0.2.tgz 2358ms (cache miss)
2332 http fetch GET 200 https://registry.npmjs.org/minizlib/-/minizlib-3.1.0.tgz 2370ms (cache miss)
2333 http fetch GET 200 https://registry.npmjs.org/ajv-formats/-/ajv-formats-3.0.1.tgz 2288ms (cache miss)
2334 http fetch GET 200 https://registry.npmjs.org/qs/-/qs-6.15.3.tgz 2335ms (cache miss)
2335 http fetch GET 200 https://registry.npmjs.org/magic-string/-/magic-string-0.30.21.tgz 2301ms (cache miss)
2336 http fetch GET 200 https://registry.npmjs.org/socks/-/socks-2.8.9.tgz 2440ms (cache miss)
2337 http fetch GET 200 https://registry.npmjs.org/eventsource-parser/-/eventsource-parser-3.1.0.tgz 2348ms (cache miss)
2338 http fetch GET 200 https://registry.npmjs.org/@jridgewell/sourcemap-codec/-/sourcemap-codec-1.5.5.tgz 2424ms (cache miss)
2339 http fetch GET 200 https://registry.npmjs.org/object-inspect/-/object-inspect-1.13.4.tgz 2487ms (cache miss)
2340 http fetch GET 200 https://registry.npmjs.org/source-map/-/source-map-0.7.6.tgz 2406ms (cache miss)
2341 http fetch GET 200 https://registry.npmjs.org/@tufjs/models/-/models-4.1.0.tgz 2562ms (cache miss)
2342 http fetch GET 200 https://registry.npmjs.org/pacote/-/pacote-21.5.1.tgz 2489ms (cache miss)
2343 http fetch GET 200 https://registry.npmjs.org/ip-address/-/ip-address-10.2.0.tgz 2699ms (cache miss)
2344 http fetch GET 200 https://registry.npmjs.org/fast-uri/-/fast-uri-3.1.3.tgz 2702ms (cache miss)
2345 http fetch GET 200 https://registry.npmjs.org/iconv-lite/-/iconv-lite-0.7.3.tgz 2713ms (cache miss)
2346 http fetch GET 200 https://registry.npmjs.org/@algolia/client-personalization/-/client-personalization-5.52.0.tgz 2729ms (cache miss)
2347 http fetch GET 200 https://registry.npmjs.org/@algolia/monitoring/-/monitoring-1.52.0.tgz 2736ms (cache miss)
2348 http fetch GET 200 https://registry.npmjs.org/parse5/-/parse5-8.0.1.tgz 2823ms (cache miss)
2349 http fetch GET 200 https://registry.npmjs.org/@algolia/client-query-suggestions/-/client-query-suggestions-5.52.0.tgz 2746ms (cache miss)
2350 http fetch GET 200 https://registry.npmjs.org/@algolia/client-insights/-/client-insights-5.52.0.tgz 2751ms (cache miss)
2351 http fetch GET 200 https://registry.npmjs.org/jsonc-parser/-/jsonc-parser-3.3.1.tgz 2732ms (cache miss)
2352 http fetch GET 200 https://registry.npmjs.org/@algolia/client-abtesting/-/client-abtesting-5.52.0.tgz 2776ms (cache miss)
2353 http fetch GET 200 https://registry.npmjs.org/@algolia/abtesting/-/abtesting-1.18.0.tgz 2821ms (cache miss)
2354 http fetch GET 200 https://registry.npmjs.org/@algolia/recommend/-/recommend-5.52.0.tgz 2883ms (cache miss)
2355 http fetch GET 200 https://registry.npmjs.org/@sigstore/core/-/core-3.2.1.tgz 3024ms (cache miss)
2356 http fetch GET 200 https://registry.npmjs.org/@sigstore/protobuf-specs/-/protobuf-specs-0.5.1.tgz 3056ms (cache miss)
2357 http fetch GET 200 https://registry.npmjs.org/@sigstore/verify/-/verify-3.1.1.tgz 3074ms (cache miss)
2358 http fetch GET 200 https://registry.npmjs.org/@algolia/client-analytics/-/client-analytics-5.52.0.tgz 2979ms (cache miss)
2359 http fetch GET 200 https://registry.npmjs.org/chardet/-/chardet-2.2.0.tgz 3022ms (cache miss)
2360 http fetch GET 200 https://registry.npmjs.org/@inquirer/core/-/core-11.2.1.tgz 3048ms (cache miss)
2361 http fetch GET 200 https://registry.npmjs.org/semver/-/semver-7.7.4.tgz 3093ms (cache miss)
2362 http fetch GET 200 https://registry.npmjs.org/@algolia/ingestion/-/ingestion-1.52.0.tgz 3165ms (cache miss)
2363 http fetch GET 200 https://registry.npmjs.org/@hono/node-server/-/node-server-1.19.14.tgz 3176ms (cache miss)
2364 http fetch GET 200 https://registry.npmjs.org/entities/-/entities-8.0.0.tgz 3275ms (cache miss)
2365 http fetch GET 200 https://registry.npmjs.org/isexe/-/isexe-4.0.0.tgz 3163ms (cache miss)
2366 http fetch GET 200 https://registry.npmjs.org/isexe/-/isexe-4.0.0.tgz 3172ms (cache miss)
2367 http fetch GET 200 https://registry.npmjs.org/@algolia/client-search/-/client-search-5.52.0.tgz 3257ms (cache miss)
2368 http fetch GET 200 https://registry.npmjs.org/minimatch/-/minimatch-10.2.5.tgz 3371ms (cache miss)
2369 http fetch GET 200 https://registry.npmjs.org/algoliasearch/-/algoliasearch-5.52.0.tgz 3286ms (cache miss)
2370 http fetch GET 200 https://registry.npmjs.org/yargs/-/yargs-18.0.0.tgz 3289ms (cache miss)
2371 http fetch GET 200 https://registry.npmjs.org/@sigstore/sign/-/sign-4.1.1.tgz 3456ms (cache miss)
2372 http fetch GET 200 https://registry.npmjs.org/glob/-/glob-13.0.6.tgz 3611ms (cache miss)
2373 http fetch GET 200 https://registry.npmjs.org/@angular-devkit/architect/-/architect-0.2200.6.tgz 3799ms (cache miss)
2374 http fetch GET 200 https://registry.npmjs.org/jose/-/jose-6.2.3.tgz 3925ms (cache miss)
2375 http fetch GET 200 https://registry.npmjs.org/lru-cache/-/lru-cache-11.5.2.tgz 4049ms (cache miss)
2376 http fetch GET 200 https://registry.npmjs.org/node-gyp/-/node-gyp-12.4.0.tgz 4115ms (cache miss)
2377 http fetch GET 200 https://registry.npmjs.org/zod-to-json-schema/-/zod-to-json-schema-3.25.2.tgz 4198ms (cache miss)
2378 http fetch GET 200 https://registry.npmjs.org/@angular-devkit/schematics/-/schematics-22.0.6.tgz 4366ms (cache miss)
2379 http fetch GET 200 https://registry.npmjs.org/undici/-/undici-6.27.0.tgz 4529ms (cache miss)
2380 http fetch GET 200 https://registry.npmjs.org/@angular-devkit/core/-/core-22.0.6.tgz 4461ms (cache miss)
2381 http fetch GET 200 https://registry.npmjs.org/tar/-/tar-7.5.19.tgz 4903ms (cache miss)
2382 http fetch GET 200 https://registry.npmjs.org/typescript/-/typescript-6.0.3.tgz 4970ms (cache miss)
2383 http fetch GET 200 https://registry.npmjs.org/@schematics/angular/-/angular-22.0.6.tgz 5596ms (cache miss)
2384 http fetch GET 200 https://registry.npmjs.org/@angular/cli/-/cli-22.0.6.tgz 5782ms (cache miss)
2385 http fetch GET 200 https://registry.npmjs.org/ajv/-/ajv-8.20.0.tgz 6079ms (cache miss)
2386 http fetch GET 200 https://registry.npmjs.org/hono/-/hono-4.12.29.tgz 6640ms (cache miss)
2387 http fetch GET 200 https://registry.npmjs.org/zod/-/zod-4.4.2.tgz 6918ms (cache miss)
2388 http fetch GET 200 https://registry.npmjs.org/@modelcontextprotocol/sdk/-/sdk-1.29.0.tgz 7277ms (cache miss)
2389 http fetch GET 200 https://registry.npmjs.org/rxjs/-/rxjs-7.8.2.tgz 12493ms (cache miss)
2390 verbose cwd C:\Users\CodexSandboxOnline\.codex\.sandbox\cwd\56fd846b7c89c35e
2391 verbose os Windows_NT 10.0.26200
2392 verbose node v26.3.0
2393 verbose npm  v11.16.0
2394 notice
2394 notice New major version of npm available! 11.16.0 -> 12.0.1
2394 notice Changelog: https://github.com/npm/cli/releases/tag/v12.0.1
2394 notice To update run: npm install -g npm@12.0.1
2394 notice  { force: true, Symbol(proc-log.meta): true }
2395 verbose exit 1
2396 verbose code 1
